,EMA,SMA,Index_EMA,Index_SMA,percent_difference
2013-03-28,263.3732,265.7584,155.8743,156.1715,-1.5007607130471186
2013-04-01,263.2052,265.5519,155.9663,156.3695,0.1825908214509896
2013-04-02,263.2164,265.0625,156.1199,156.5665,-0.6526621863055986
2013-04-03,262.8177,264.2345,156.1123,156.617,-0.36521400710513824
2013-04-04,262.4617,263.499,156.1626,156.6815,-0.9617998108495224
2013-04-05,261.7968,262.579,156.1442,156.699,0.7427246685713162
2013-04-08,261.5256,261.817,156.2191,156.7315,0.47613157494176167
2013-04-09,261.4889,261.312,156.342,156.766,0.13934473183312868
2013-04-10,261.8014,260.844,156.6409,156.9175,1.5925866783176397
2013-04-11,262.5679,260.5815,156.9608,157.084,1.3816402631091202
2013-04-12,263.5491,260.938,157.2102,157.1855,0.4030416441171869
2013-04-15,263.9463,261.233,157.0878,157.1133,0.2666487576094576
2013-04-16,264.7457,261.9555,157.1938,157.2023,-0.3094843054718843
2013-04-17,264.9985,262.505,157.0629,157.1853,-2.406703667340672
2013-04-18,264.4672,262.6121,156.8588,157.0733,-0.45994029900422456
2013-04-19,264.0722,262.9586,156.7932,157.0888,0.7093084640282341
2013-04-22,264.0225,263.2486,156.8129,157.0848,1.010867056493459
2013-04-23,264.487,263.8926,156.9831,157.2238,-0.03832108487383603
2013-04-24,264.8959,264.3161,157.1362,157.3028,1.7296272459761435
2013-04-25,265.8296,264.7861,157.346,157.4248,-7.027245944307301
2013-04-26,264.7801,264.2021,157.5036,157.5068,-2.6815417283416685
2013-04-29,263.3477,263.6086,157.7508,157.6698,1.4110815160321397
2013-04-30,262.4394,263.133,158.0079,157.8133,-1.3571113285569147
2013-05-01,261.0861,262.593,158.1119,157.9663,0.83523033840117
2013-05-02,260.2731,262.2665,158.3432,158.1613,1.187379201806453
2013-05-03,260.0614,262.395,158.7038,158.4693,-1.168145058063923
2013-05-06,259.6479,262.2335,159.0711,158.7508,0.2754352462893275
2013-05-07,259.4653,262.063,159.4824,159.0448,-0.10266226992051353
2013-05-08,259.3905,261.7585,159.9279,159.2788,0.8401666460190359
2013-05-09,259.4638,261.274,160.289,159.4648,1.0222871361989885
2013-05-10,259.8606,260.812,160.6644,159.6973,0.24855485979821956
2013-05-13,260.3034,260.6515,161.0173,160.1195,0.3734248002117042
2013-05-14,261.0678,260.451,161.5042,160.516,-1.1652636459772725
2013-05-15,261.5909,260.409,162.0248,161.0735,-0.43623815939503136
2013-05-16,261.8317,260.644,162.4195,161.636,1.2074760614892013
2013-05-17,262.6001,261.123,162.932,162.2175,-0.8648901438355414
2013-05-20,263.0792,261.327,163.3994,162.7595,0.3344705709870017
2013-05-21,263.6297,261.325,163.8423,163.232,-1.4446737913302194
2013-05-22,263.566,261.034,164.123,163.642,-0.14734913018640572
2013-05-23,263.3978,260.389,164.3304,163.99,0.06728017834805963
2013-05-24,263.2399,260.7355,164.5037,164.3475,1.5065217494781078
2013-05-28,263.6256,261.613,164.7576,164.701,0.0174977572444992
2013-05-29,263.807,262.199,164.8797,164.9805,0.09209228438847089
2013-05-30,264.0949,263.129,165.0531,165.3605,2.327918031429493
2013-05-31,264.5811,263.9615,164.9814,165.5485,-1.3913319508491435
2013-06-03,264.8,264.403,164.9993,165.7005,0.01193133402704244
2013-06-04,264.8857,264.902,164.9442,165.7935,2.0007680194433153
2013-06-05,265.1033,265.374,164.6676,165.726,-0.666321003381628
2013-06-06,265.363,265.8315,164.5583,165.694,2.091028785894151
2013-06-07,266.4589,266.667,164.6594,165.789,1.5290332530898898
2013-06-10,267.8504,267.539,164.749,165.8575,-1.2535771686149766
2013-06-11,268.5104,268.0525,164.6748,165.8375,-0.29629585009936743
2013-06-12,268.8113,268.2195,164.4772,165.661,-0.002519381398030207
2013-06-13,269.4759,268.681,164.5337,165.566,-0.01657673177375274
2013-06-14,269.9058,269.1745,164.4847,165.4585,0.6684821337525061
2013-06-17,270.6824,269.5825,164.5681,165.3365,0.5989112449269768
2013-06-18,271.7374,270.289,164.7587,165.273,0.031075945683947337
2013-06-19,272.3491,270.754,164.7236,165.09,0.8464769388325786
2013-06-20,272.453,271.278,164.2937,164.761,-0.335731542831319
2013-06-21,272.5394,271.856,163.9514,164.481,0.27589230901752626
2013-06-24,272.3556,272.2995,163.4456,164.1055,-0.4443711693886453
2013-06-25,272.3301,272.5394,163.1375,163.7575,1.5412899439305128
2013-06-26,272.8292,273.1414,162.9311,163.504,-0.5911651336831231
2013-06-27,273.2788,273.6774,162.8339,163.2645,0.6865972509909446
2013-06-28,273.6989,274.1019,162.6478,163.0935,0.7613987074117322
2013-07-01,274.499,274.8629,162.6061,162.9455,0.7380953364356104
2013-07-02,275.3781,275.7644,162.5436,162.822,0.0007636549264455894
2013-07-03,276.2021,276.6074,162.5033,162.826,-0.45278075741816237
2013-07-05,277.1238,277.5099,162.6372,162.8455,1.0984626110437685
2013-07-08,278.4063,278.1959,162.8442,162.805,-0.39249615540759214
2013-07-09,279.6562,278.7189,163.1438,162.8245,0.2322430818514392
2013-07-10,280.8632,279.5964,163.4215,162.929,1.062179472540483
2013-07-11,282.6534,280.9959,163.9014,163.222,2.668600812211809
2013-07-12,285.0245,282.5839,164.3298,163.3885,-0.7640155454320485
2013-07-15,287.0765,284.2129,164.7889,163.645,0.5176027209260642
2013-07-16,288.9616,285.6534,165.1366,163.799,0.37935906388520935
2013-07-17,290.8405,286.9999,165.4855,163.9105,-2.052409517117034
2013-07-18,292.1042,288.2974,165.8926,164.179,0.1385516925813424
2013-07-19,293.3543,289.8869,166.2981,164.6761,-0.7320216529989481
2013-07-22,294.3186,291.3929,166.6906,165.1621,-0.5920416777244937
2013-07-23,294.9607,292.9154,167.0125,165.7336,-0.35138266148853475
2013-07-24,295.3397,294.258,167.2465,166.1965,1.303114200929353
2013-07-25,296.1073,295.5495,167.4888,166.6375,2.7023763854554774
2013-07-26,297.6219,297.2725,167.7298,167.043,-1.6000870095989035
2013-07-29,298.4293,298.693,167.9003,167.475,-1.1877913755833664
2013-07-30,298.8084,299.7085,168.0517,167.839,-0.4289058243731798
2013-07-31,299.0381,300.583,168.1944,168.219,0.264534175587241
2013-08-01,299.6602,301.66,168.514,168.6905,-0.6257752031463073
2013-08-02,300.0935,302.5765,168.8327,169.088,-0.9595616162010185
2013-08-05,300.1789,303.0965,169.1048,169.432,0.4502881768049945
2013-08-06,300.2333,303.5575,169.2643,169.6715,-0.884490378457182
2013-08-07,299.9168,303.7865,169.3449,169.874,-0.7408932069684538
2013-08-08,299.519,303.5905,169.4739,169.986,0.7893018175015438
2013-08-09,299.3038,303.076,169.5459,170.0775,-0.039016793174803416
2013-08-12,299.0549,302.582,169.5863,170.1185,-1.2756686885359834
2013-08-13,298.5706,301.937,169.681,170.2255,-0.36117508407441035
2013-08-14,297.882,301.0695,169.6799,170.269,-0.23350076678996556
2013-08-15,296.7951,300.1875,169.4466,170.1425,-0.27100733795612963
2013-08-16,295.6546,299.167,169.1869,169.971,0.9051188304806672
2013-08-19,294.6942,298.2715,168.8501,169.7325,0.055359649952533285
2013-08-20,293.97,297.573,168.6205,169.551,-0.2589318958893225
2013-08-21,293.0748,296.8545,168.3148,169.348,0.9064245596037099
2013-08-22,292.7562,296.171,168.181,169.204,-0.2808072236761986
2013-08-23,292.4947,295.071,168.1199,169.08,-0.9163638683088615
2013-08-26,291.8961,294.0765,168.0018,168.948,-0.23286255226376085
2013-08-27,290.8517,293.0025,167.6388,168.683,-0.10969391083947078
2013-08-28,289.9687,292.0205,167.3637,168.443,0.6763089830946529
2013-08-29,289.3984,290.941,167.1424,168.1175,-0.6686276439627009
2013-08-30,288.5966,289.7795,166.8812,167.7445,2.2843327810432013
2013-09-03,288.616,289.17,166.723,167.421,0.8467028432835682
2013-09-04,289.0945,288.8145,166.7103,167.2115,0.054607465163459726
2013-09-05,289.5712,288.674,166.7151,167.044,0.5204795617072593
2013-09-06,290.1701,288.68,166.7317,166.8535,0.3066240051958178
2013-09-09,291.0787,288.8025,166.9049,166.7695,-0.4772797230143404
2013-09-10,291.9626,288.986,167.173,166.757,-0.5755596230552141
2013-09-11,292.6938,289.2695,167.4699,166.7425,-0.05478063487682677
2013-09-12,293.281,289.6455,167.7051,166.756,-0.4557548569622081
2013-09-13,293.7229,290.218,167.9408,166.9035,-1.2824553682276714
2013-09-16,293.9454,290.78,168.2607,167.1325,2.33650749782935
2013-09-17,294.9192,291.71,168.6159,167.4495,1.4109094356512415
2013-09-18,296.5492,292.9572,169.1296,167.828,0.14050873701884745
2013-09-19,298.0264,294.3317,169.5725,168.2465,2.1253577932192718
2013-09-20,299.7706,295.6622,169.8485,168.5245,-1.1156966167209827
2013-09-23,300.8867,296.7362,170.0296,168.735,1.5520516194804492
2013-09-24,302.148,298.1322,170.0782,168.918,-0.18381989835379475
2013-09-25,303.1482,299.7182,170.0755,169.211,1.4378871737567227
2013-09-26,304.574,301.5452,170.1235,169.5025,-0.23532002714328037
2013-09-27,305.6632,303.1467,170.0975,169.743,-0.5071049042215322
2013-09-30,306.3276,304.7297,169.9834,169.968,1.8468783652182537
2013-10-01,307.7202,306.3372,170.0107,170.2205,0.015605649936254629
2013-10-02,308.9383,307.6807,170.0107,170.3915,-0.9352427739867849
2013-10-03,309.4928,308.7137,169.8716,170.481,0.6240794312111704
2013-10-04,310.402,309.8727,169.8638,170.626,-1.9701011790303693
2013-10-07,310.3666,310.3887,169.7187,170.6155,-1.0527872396088038
2013-10-08,309.6869,310.5322,169.4045,170.4505,-1.6909756182249158
2013-10-09,308.5958,310.4617,169.1269,170.2605,0.13608038845691084
2013-10-10,308.2699,310.7774,169.2234,170.2705,1.2496857911026749
2013-10-11,308.5193,311.4259,169.4117,170.3215,-0.5105597572869467
2013-10-14,308.727,312.1579,169.6553,170.355,-0.5756911628155708
2013-10-15,308.5054,312.2694,169.7434,170.2845,-0.10728218913384002
2013-10-16,308.6944,312.1922,170.0573,170.236,-0.551290142300704
2013-10-17,308.8921,312.1277,170.4471,170.2545,5.166294871977154
2013-10-18,310.8006,312.7572,170.9122,170.3975,-0.7744122747878701
2013-10-21,312.29,313.5047,171.3358,170.578,1.332603402599339
2013-10-22,314.2186,314.4252,171.8085,170.866,-1.3536334456721795
2013-10-23,315.4126,315.1305,172.1715,171.1445,1.3388768666065762
2013-10-24,317.0124,315.835,172.5552,171.4255,8.937275428637177
2013-10-25,321.4293,318.204,172.9776,171.7825,-1.5522258094930619
2013-10-28,324.9275,320.48,173.3787,172.197,0.675005672337744
2013-10-29,328.5248,322.5675,173.8417,172.5955,0.04145580052657255
2013-10-30,331.6253,324.596,174.1778,172.9635,1.2003728404970084
2013-10-31,334.7115,327.0595,174.417,173.3705,-1.675505598485238
2013-11-01,337.0249,329.0576,174.683,173.7415,-0.4115614389863465
2013-11-04,339.093,331.4931,174.9808,174.215,0.3235695517141821
2013-11-05,340.9786,334.2762,175.2026,174.7595,-1.235045469496507
2013-11-06,342.4264,337.1737,175.4843,175.343,-2.280242594654858
2013-11-07,342.5343,339.093,175.5248,175.6315,0.6060730099396434
2013-11-08,343.2749,341.0641,175.7891,175.9865,1.1612571722188871
2013-11-11,344.3323,343.248,176.0283,176.303,-1.1436897485122146
2013-11-12,344.8273,345.4045,176.2065,176.669,1.1382821036140787
2013-11-13,345.9123,347.691,176.4992,176.981,2.54055523649818
2013-11-14,347.9584,350.5223,176.866,177.291,0.055910132004089674
2013-11-15,349.9786,352.5342,177.2711,177.5805,-0.47865288201180717
2013-11-18,351.5215,354.5212,177.5805,177.8385,-0.09489096845342523
2013-11-19,352.7995,356.1412,177.8186,178.0275,-0.33289583431579745
2013-11-20,353.73,357.9319,177.9797,178.222,0.9770558183822677
2013-11-21,355.1767,359.7674,178.2578,178.457,0.39927430444486034
2013-11-22,356.8084,360.2134,178.599,178.6995,1.2619974416155926
2013-11-25,358.6972,361.1374,178.8905,178.923,1.2393267539956065
2013-11-26,360.8565,362.0709,179.1571,179.0955,1.1525404036901103
2013-11-27,363.3187,363.3524,179.4412,179.334,1.8856937925981483
2013-11-29,366.2045,364.8319,179.6811,179.5975,-0.12101599317644812
2013-12-02,368.6898,366.4968,179.861,179.8155,-1.5674704408938522
2013-12-03,370.2108,367.7928,179.958,179.969,0.4540598677550234
2013-12-04,371.7107,369.1462,180.0258,180.137,-0.004491664164832765
2013-12-05,372.9278,370.5617,180.0224,180.2285,-0.47136426533942755
2013-12-06,374.2632,372.7312,180.2098,180.5325,-0.7521608193449989
2013-12-09,375.2753,374.4602,180.4174,180.737,1.057898260072084
2013-12-10,376.4662,376.1303,180.552,180.9135,-0.28111444456557644
2013-12-11,377.0114,377.7633,180.4727,181.0045,0.060080637921838376
2013-12-12,377.415,379.0148,180.3487,180.999,0.8233313356579551
2013-12-13,378.065,379.857,180.2297,180.9365,0.6335698549657248
2013-12-16,379.1036,380.847,180.2241,180.889,-0.0007886619335107925
2013-12-17,379.9175,381.9205,180.1608,180.841,0.411674731103171
2013-12-18,381.4454,383.4715,180.3998,180.9705,-0.13424620804576676
2013-12-19,382.7544,385.1025,180.6055,181.123,1.242498144703644
2013-12-20,384.6064,386.7665,180.884,181.2545,0.1463232123067098
2013-12-23,386.3505,388.297,181.1418,181.342,-1.2119469481803011
2013-12-24,387.5743,389.425,181.4254,181.465,0.8167197963165157
2013-12-26,389.1758,390.576,181.7668,181.631,-1.5387544326817242
2013-12-27,390.0238,391.1445,182.0719,181.7725,-1.134522721551954
2013-12-30,390.3425,391.132,182.3393,181.9185,0.9613512896642624
2013-12-31,391.147,391.4565,182.6546,182.1225,0.6777607028295431
2014-01-02,391.7968,392.122,182.7837,182.279,-0.34097519122908326
2014-01-03,392.239,392.646,182.8929,182.442,-0.4369658459172083
2014-01-06,392.3715,393.103,182.944,182.614,0.501762164719239
2014-01-07,392.9104,393.657,183.0979,182.7425,0.9231303463010169
2014-01-08,393.7685,394.5085,183.2467,182.856,-0.27515143815696513
2014-01-09,394.4581,395.17,183.3899,183.002,-1.0952011934412154
2014-01-10,394.7631,395.9435,183.5651,183.2775,-0.35714707641767407
2014-01-13,394.4028,396.43,183.4903,183.458,0.6109788533711213
2014-01-14,394.7016,397.095,183.6084,183.7395,-0.9884806337299616
2014-01-15,394.8128,397.44,183.8152,184.02,0.15456417089830496
2014-01-16,394.9069,397.8475,183.9719,184.315,1.3454392549571692
2014-01-17,395.3548,398.03,184.046,184.419,1.5857665554091196
2014-01-21,396.4686,398.623,184.1616,184.554,-0.6868035140605753
2014-01-22,397.2373,398.74,184.2786,184.647,-0.334504389260338
2014-01-23,397.488,398.5875,184.2397,184.661,-0.909363090728418
2014-01-24,396.5463,398.0075,183.8264,184.45,0.18195523140649472
2014-01-27,395.5686,397.102,183.3629,184.1475,1.4616789496169318
2014-01-28,395.4601,396.9195,183.0541,183.905,-1.627593452686082
2014-01-29,394.3877,396.461,182.6089,183.58,3.8195337072346156
2014-01-30,395.2089,396.672,182.389,183.3125,-10.370512503505394
2014-01-31,391.7309,394.708,182.0824,183.0705,-1.2635384850106837
2014-02-03,387.3899,392.1935,181.4241,182.6325,-0.16504303188572356
2014-02-04,383.6337,389.9095,180.9428,182.2795,-0.30068875619690405
2014-02-05,380.0924,387.3305,180.4854,181.8585,1.0153793846302475
2014-02-06,377.6636,384.964,180.2953,181.55,0.5248876016581814
2014-02-07,376.0842,382.9675,180.3453,181.3535,-0.19641789890439457
2014-02-10,374.6352,381.128,180.4143,181.1455,-0.8496057516322708
2014-02-11,373.4119,379.6685,180.6672,181.16,-3.5480349897975936
2014-02-12,371.1107,377.254,180.9104,181.0845,1.7905515405358434
2014-02-13,369.7859,375.3205,181.2151,181.001,-0.4902971974432341
2014-02-14,368.6015,373.398,181.5841,180.9825,-1.1866772250753725
2014-02-18,367.1776,371.1,181.9447,181.0135,-1.1094015575255123
2014-02-19,365.2921,368.1165,182.1538,180.9575,0.1318557836566311
2014-02-20,363.8167,365.3795,182.442,180.947,-0.8150665268370313
2014-02-21,362.1922,362.724,182.6932,181.0075,1.0262477835824577
2014-02-24,361.2006,360.933,182.9948,181.3055,1.810692948659389
2014-02-25,360.9262,359.535,183.2763,181.655,0.4130386246930169
2014-02-26,360.819,357.8035,183.5309,181.9465,-0.44068356221324934
2014-02-27,360.7534,356.6,183.8556,182.3745,0.333052287969515
2014-02-28,360.8816,354.5545,184.1874,182.7265,0.026529054401839502
2014-03-03,360.7767,354.609,184.3686,183.0725,-0.32188782642860914
2014-03-04,361.0742,355.4965,184.7926,183.755,2.369930910353736
2014-03-05,362.1499,356.7175,185.1685,184.3735,-0.34250339384916406
2014-03-06,363.1033,358.003,185.5601,185.0305,-0.09026830369181904
2014-03-07,363.9563,358.8765,185.9258,185.576,-0.3689853477664055
2014-03-10,364.5824,359.349,186.249,186.001,0.035012745973846404
2014-03-11,364.986,359.7465,186.452,186.3665,0.48337965080889606
2014-03-12,365.5244,360.189,186.6374,186.633,1.364777578181765
2014-03-13,366.0945,361.302,186.6024,186.7855,0.874049123884958
2014-03-14,366.8226,362.129,186.5222,186.868,-0.5673239518027836
2014-03-17,367.6052,363.0135,186.6115,186.9865,0.2584035333681117
2014-03-18,368.6686,364.2695,186.8238,187.16,-0.9118982587128238
2014-03-19,369.103,365.562,186.9167,187.343,-1.727116847751413
2014-03-20,369.0903,366.5205,187.1056,187.529,-1.887196373554053
2014-03-21,368.2836,367.2135,187.2089,187.6845,-2.012134288012265
2014-03-24,366.7185,367.217,187.2271,187.7615,0.7648207697413847
2014-03-25,365.5748,367.0365,187.2521,187.8385,-2.4389945041662906
2014-03-26,363.4639,366.217,187.1414,187.8455,-1.2665539255480793
2014-03-27,361.0835,365.134,187.0108,187.787,-0.4784375269427326
2014-03-28,358.9127,363.9435,186.9679,187.748,-1.4159509204475875
2014-03-31,356.7653,362.7728,187.0795,187.8505,1.310502948680576
2014-04-01,355.4534,361.7273,187.2986,187.8785,-0.6224040071331389
2014-04-02,354.1683,360.2068,187.5549,187.941,-2.3441399120371496
2014-04-03,352.2113,358.2798,187.7697,187.9675,-1.9978664721028405
2014-04-04,349.4293,355.8268,187.7497,187.8755,-0.4759911709573883
2014-04-07,346.4132,353.1883,187.5269,187.68,2.4822276443708455
2014-04-08,344.571,351.1008,187.4043,187.573,0.37381916520702774
2014-04-09,343.3552,349.159,187.4839,187.565,-2.2985468323388836
2014-04-10,340.8556,346.439,187.174,187.463,-0.8118085566827009
2014-04-11,338.0817,343.3385,186.7384,187.305,0.5577714573045316
2014-04-14,335.9702,340.382,186.4805,187.1335,-0.6688954593057026
2014-04-15,334.0759,337.2475,186.3738,186.9595,1.3848171062280454
2014-04-16,333.0858,334.77,186.4572,186.932,0.2251317789347833
2014-04-17,332.3071,332.567,186.5603,186.864,1.4717648145560471
2014-04-21,332.1703,331.0795,186.7184,186.8655,-0.8881835360701614
2014-04-22,331.8988,329.953,186.9366,186.946,-1.2329912385318262
2014-04-23,331.2018,328.4465,187.097,187.0025,3.660630434937279
2014-04-24,331.7683,328.1335,187.2801,187.149,-9.052241528708526
2014-04-25,329.1075,326.4015,187.2963,187.233,-2.716957678747139
2014-04-28,326.0096,324.316,187.37,187.3085,0.8558996497972327
2014-04-29,323.5687,322.5168,187.5128,187.345,0.8936773131964822
2014-04-30,321.7174,320.5738,187.7059,187.353,1.2996245930261714
2014-05-01,320.4005,318.8703,187.8691,187.3245,0.12344333574041016
2014-05-02,319.2205,317.5898,188.0016,187.297,0.48266911217507735
2014-05-05,318.3471,316.9423,188.1538,187.399,-3.2214587683897573
2014-05-06,316.3502,315.9233,188.1354,187.5265,-2.1183702641001956
2014-05-07,314.0988,314.2053,188.2168,187.664,-1.436282514169212
2014-05-08,311.6436,312.031,188.279,187.6955,1.1795824421509893
2014-05-09,309.7957,310.7875,188.3676,187.9445,2.7513822546822735
2014-05-12,309.1351,310.344,188.6069,188.3585,0.451519072243324
2014-05-13,308.707,309.7805,188.8482,188.714,-1.8073413510533438
2014-05-14,307.6511,308.8575,188.976,188.9555,0.04581821186533419
2014-05-15,306.4644,307.433,188.9354,189.0205,0.48434913069082003
2014-05-16,305.6297,306.0725,188.9644,189.1055,-0.6503442477723375
2014-05-19,304.7844,304.3668,189.0506,189.188,2.121243443736752
2014-05-20,304.4421,302.9603,189.0153,189.1715,0.43090575006471143
2014-05-21,304.4962,301.9818,189.1339,189.2535,-0.2850721553028768
2014-05-22,304.5356,300.3698,189.2869,189.3395,1.9793262187041263
2014-05-23,305.2694,300.7903,189.5024,189.5445,-1.0708055225675186
2014-05-27,305.798,301.5023,189.8098,189.7775,-0.12413524919545268
2014-05-28,306.2134,301.9913,190.0717,189.962,0.6634004465738415
2014-05-29,306.934,302.4738,190.4011,190.1615,-0.5676777475601
2014-05-30,307.4689,302.7068,190.7314,190.384,-1.3108043735337063
2014-06-02,307.5995,302.7483,191.0532,190.6265,-0.4724366033914463
2014-06-03,307.5605,302.6053,191.3329,190.846,-0.3138895575445958
2014-06-04,307.4862,303.0753,191.6193,191.165,4.809192259061714
2014-06-05,309.0179,304.6183,192.0013,191.497,1.379160683116031
2014-06-06,310.9848,306.6858,192.4411,191.8845,-0.7701249487436083
2014-06-09,312.5577,308.4488,192.8601,192.266,1.5195577141740297
2014-06-10,314.4484,309.9263,193.2353,192.562,1.1594468812757692
2014-06-11,316.4247,311.4543,193.5148,192.8135,-2.0374225183140093
2014-06-12,317.3281,312.8688,193.6305,193.0405,-0.2130649376749092
2014-06-13,318.1797,314.4228,193.7953,193.381,0.3216301462386174
2014-06-16,319.0788,315.9188,193.9614,193.696,-0.8457093271524538
2014-06-17,319.7017,317.362,194.1556,194.0025,1.90964019659826
2014-06-18,321.0997,319.0215,194.4769,194.445,-2.288070155201955
2014-06-19,321.6616,320.121,194.7829,194.8165,-1.043430830990917
2014-06-20,321.9034,321.0855,195.095,195.1825,0.9174968820009469
2014-06-23,322.4116,321.8355,195.3812,195.51,0.11886543974381936
2014-06-24,322.5781,322.5025,195.4402,195.6735,0.6036827366681969
2014-06-25,323.0412,323.3665,195.5697,195.8855,-0.46331084798753414
2014-06-26,323.2934,323.962,195.6735,196.042,-0.6489803776617347
2014-06-27,323.415,324.563,195.8246,196.2115,0.19650672761990234
2014-06-30,323.545,325.36,195.9365,196.356,1.6832260994791306
2014-07-01,324.3874,326.62,196.1616,196.5715,0.04257722577285243
2014-07-02,325.1934,327.9235,196.3834,196.779,0.8807424097603197
2014-07-03,326.3647,328.6196,196.6812,196.973,-0.8372172008922639
2014-07-07,327.049,328.8136,196.8877,197.0845,-2.276400651369421
2014-07-08,326.7405,328.6291,196.9527,197.121,1.4569383908062625
2014-07-09,327.0481,328.5071,197.0953,197.2035,-0.17279291360485916
2014-07-10,327.1311,328.1431,197.1396,197.273,5.402430757955019
2014-07-11,328.9472,329.1576,197.212,197.4315,2.1542750001532625
2014-07-14,331.4589,330.6101,197.368,197.606,-0.06662309178372902
2014-07-15,333.6476,331.9511,197.4748,197.7535,0.008874416356529191
2014-07-16,335.7668,333.4651,197.6477,197.918,-0.7926260449941434
2014-07-17,337.3561,334.3688,197.7708,197.9885,1.760797153671122
2014-07-18,339.385,335.9518,197.8821,198.051,0.49268287484364565
2014-07-21,341.3255,337.7298,197.9477,198.0765,-0.1731845671870786
2014-07-22,343.184,339.4098,198.0964,198.147,-0.943732997189977
2014-07-23,344.6084,341.1088,198.2682,198.342,0.13623609705116754
2014-07-24,345.9419,342.6673,198.4227,198.4965,-9.208122385384529
2014-07-25,343.8531,342.5833,198.4786,198.614,-1.1462509304703854
2014-07-28,341.6205,342.3753,198.5359,198.705,0.3190954098098777
2014-07-29,339.5614,342.1363,198.5029,198.7645,0.754101020485389
2014-07-30,337.9374,341.6423,198.4789,198.762,-0.934191977702632
2014-07-31,335.5615,340.6493,198.0761,198.55,-1.632080958832619
2014-08-01,332.8471,339.1277,197.6631,198.2615,1.4338655314186854
2014-08-04,331.0188,338.1327,197.4209,198.075,0.5599703055854219
2014-08-05,329.2379,337.5582,197.0189,197.8565,0.4664576651223435
2014-08-06,327.7762,336.7542,196.6619,197.5975,-0.24958328759276516
2014-08-07,326.2213,335.9307,196.2417,197.332,0.5630252890283602
2014-08-08,325.3241,334.4607,196.073,197.1605,0.16928148534243032
2014-08-11,324.658,332.6112,195.9784,196.972,0.45452888005640246
2014-08-12,324.1496,330.8552,195.8662,196.7875,1.507147117810144
2014-08-13,324.3525,329.3742,195.8894,196.6285,1.6956115872626745
2014-08-14,325.1961,328.412,195.9904,196.529,0.09050462151574293
2014-08-15,325.9993,327.1605,196.0885,196.433,-0.542340380709533
2014-08-18,326.8117,325.899,196.3296,196.4355,-0.3694305161718398
2014-08-19,327.604,324.6135,196.6515,196.4455,-0.0714302231835734
2014-08-20,328.3826,323.4955,196.9933,196.4625,-1.1094206756525955
2014-08-21,328.8138,322.2105,197.3511,196.5055,-0.2520452780760273
2014-08-22,329.0782,322.5895,197.6471,196.578,0.21402597061230066
2014-08-25,329.5489,323.27,198.0141,196.699,2.2637416549699165
2014-08-26,330.7185,324.3615,198.3604,196.872,0.41476950401849505
2014-08-27,331.9053,325.395,198.6699,197.04,-0.8265582233195804
2014-08-28,332.6781,326.7465,198.9318,197.3985,-0.5563148548429484
2014-08-29,333.284,328.3455,199.2202,197.8095,1.0247463017221214
2014-09-02,334.1503,329.782,199.4735,198.1475,-0.9723468836247856
2014-09-03,334.6122,331.116,199.6998,198.58,2.2185894049364894
2014-09-04,335.692,332.719,199.8722,198.992,-0.33225760625072887
2014-09-05,336.7099,334.4655,200.1158,199.501,-0.9193501337637996
2014-09-08,337.2461,335.7425,200.2886,199.874,-3.053651819444592
2014-09-09,336.5322,336.3135,200.3249,200.1535,0.10041962156115969
2014-09-10,336.0367,336.914,200.4302,200.485,-0.33879483241318953
2014-09-11,335.5113,337.126,200.5435,200.7605,0.7681309770383195
2014-09-12,335.0998,337.025,200.5374,200.937,-2.094436199222296
2014-09-15,334.0322,336.538,200.511,201.099,0.42584980381966175
2014-09-16,333.4348,336.1995,200.6338,201.258,-1.2710658987346706
2014-09-17,332.5363,335.643,200.7687,201.375,-0.21598064285517998
2014-09-18,331.8185,335.104,200.9916,201.5185,2.062777956620704
2014-09-19,331.771,335.0245,201.1705,201.6245,-1.3289017080328775
2014-09-22,331.0786,334.67,201.1914,201.671,0.28306459627927094
2014-09-23,330.3692,334.1505,201.1046,201.61,1.1106227692564365
2014-09-24,330.1635,333.4695,201.0842,201.572,-0.27071906846439786
2014-09-25,329.3794,332.407,200.7514,201.371,-0.46276546434170135
2014-09-26,328.7918,331.5665,200.6122,201.2645,-0.1741524759978773
2014-09-29,328.1279,330.7055,200.4377,201.1055,0.4542500127666532
2014-09-30,327.5862,329.7085,200.2303,200.9245,-0.23306412983128988
2014-10-01,326.6218,328.6315,199.7951,200.615,0.28902848590062014
2014-10-02,325.8397,327.2545,199.4031,200.3235,0.26625967286401764
2014-10-03,325.5445,326.0725,199.2524,200.093,-0.03588472972241796
2014-10-06,325.226,325.0655,199.0912,199.8745,-0.10158571443113495
2014-10-07,324.4406,324.427,198.6597,199.569,0.0672769648010263
2014-10-08,324.2749,323.9955,198.5911,199.3945,-0.23043702788238418
2014-10-09,323.4268,323.238,198.1443,199.0085,-0.17897721191394989
2014-10-10,322.2804,322.248,197.5401,198.5745,0.1028246282830032
2014-10-13,320.7728,321.376,196.6849,197.9895,0.37360308729312297
2014-10-14,319.5858,320.4035,195.953,197.3495,0.039965443974399384
2014-10-15,318.2891,319.502,195.147,196.6215,-0.9844378134567096
2014-10-16,316.8196,318.395,194.412,195.8375,-0.9909213538644797
2014-10-17,315.5644,317.011,193.9699,195.1825,-0.10738911305921017
2014-10-20,314.6735,316.0965,193.7423,194.692,1.0105018619023125
2014-10-21,314.7361,315.6815,193.8954,194.4455,-0.057354972686510686
2014-10-22,314.5679,314.9195,193.9054,194.101,-1.1081586489795707
2014-10-23,314.4357,314.482,194.1315,194.0355,-9.053518374260126
2014-10-24,311.8285,312.6745,194.4695,193.955,1.1401923709864867
2014-10-27,309.7467,311.082,194.7514,193.8875,0.8035521862701853
2014-10-28,308.3985,309.7395,195.2199,193.958,-0.38212040021317345
2014-10-29,307.0386,308.5725,195.6218,194.147,0.996063150628363
2014-10-30,306.2797,307.6055,196.1159,194.4035,1.051020226343907
2014-10-31,306.2016,306.7415,196.7706,194.662,0.02600131504189851
2014-11-03,306.1558,305.9175,197.3743,194.9395,-0.6170574132491023
2014-11-04,305.8371,305.209,197.8558,195.333,-2.7194074345371204
2014-11-05,304.9498,303.9,198.4153,195.6225,-0.3374817643661253
2014-11-06,304.1584,302.9635,198.9948,196.1525,0.958351466333297
2014-11-07,303.749,302.387,199.5438,196.8005,1.487093664482368
2014-11-10,303.8786,302.32,200.092,197.6375,2.1543192131340674
2014-11-11,304.653,302.505,200.609,198.4635,-0.08239996998828779
2014-11-12,305.3061,302.782,201.0615,199.357,1.5321509324555498
2014-11-13,306.3703,303.463,201.4832,200.26,3.5393670612269443
2014-11-14,308.4131,304.672,201.8734,201.0505,-1.493981096227395
2014-11-17,309.8071,305.514,202.234,201.7545,-0.025846022356057485
2014-11-18,311.2474,305.994,202.6794,202.3325,0.6453149313952511
2014-11-19,312.7038,306.6725,203.0528,202.9625,1.0700761084967823
2014-11-20,314.4025,307.5405,203.4211,203.4945,0.09102667361964556
2014-11-21,316.1384,309.819,203.861,204.0125,0.5972762112753063
2014-11-24,317.9957,312.1025,204.3199,204.575,-0.1116745953539002
2014-11-25,319.619,314.075,204.7218,205.0185,-0.6785157376032055
2014-11-26,320.9477,316.0475,205.1331,205.4985,1.7399744344546253
2014-11-28,322.6326,318.026,205.4614,205.887,-3.061372075363543
2014-12-01,322.9533,319.053,205.625,206.0965,-0.5323816698321574
2014-12-02,323.273,320.0825,205.8969,206.365,-3.399666761473153
2014-12-03,322.628,320.767,206.221,206.7085,0.255306751082562
2014-12-04,322.0853,321.7875,206.4905,206.9745,-1.5433247180577525
2014-12-05,321.1848,322.587,206.7714,207.2215,-1.2189059221493719
2014-12-08,319.7996,322.926,206.8865,207.3825,1.9783499070619943
2014-12-09,319.1044,323.2955,206.9773,207.5095,-0.572260431100849
2014-12-10,317.8411,322.987,206.7509,207.4635,0.037509750675590314
2014-12-11,316.8429,322.7795,206.6356,207.4725,1.5876476165144697
2014-12-12,315.936,322.3215,206.2179,207.3105,0.300303577464706
2014-12-15,314.9964,321.234,205.7038,207.0725,-2.820401264802218
2014-12-16,313.0977,319.8345,205.0901,206.7525,-0.6475341533279364
2014-12-17,311.7436,318.532,204.9034,206.5635,-2.8364017671091966
2014-12-18,310.409,317.0915,205.2088,206.639,0.2963846843789644
2014-12-19,309.4081,315.5595,205.5708,206.7435,1.745194269898338
2014-12-22,309.135,314.255,205.9917,206.841,-0.24033687406060827
2014-12-23,308.8635,312.7873,206.4039,206.923,-0.5730057520134035
2014-12-24,308.308,311.1868,206.6788,206.9605,1.7322306872691502
2014-12-26,308.3824,309.9628,206.9808,207.001,0.7828634638733336
2014-12-29,308.7308,308.6328,207.2884,207.0825,0.013236895870995746
2014-12-30,308.8802,307.8478,207.4523,207.174,1.0399878943754628
2014-12-31,309.0202,307.0498,207.3969,207.0935,-0.5219814873825575
2015-01-02,308.9726,306.6508,207.3333,206.965,-0.2958173336537051
2015-01-05,308.3266,305.9138,206.9302,206.6675,-1.382297705333048
2015-01-06,307.085,305.0468,206.3911,206.259,-0.17716919485476512
2015-01-07,306.2598,304.6358,206.1405,206.048,-1.1028150957692913
2015-01-08,305.7074,304.0338,206.2605,206.026,-0.3310850716782553
2015-01-09,304.8715,303.5883,206.2023,206.0785,-1.100453625814347
2015-01-12,303.5894,302.7908,206.0012,206.006,1.4024092319445214
2015-01-13,302.7466,302.1618,205.7687,206.0715,0.10549979250389319
2015-01-14,301.8441,301.5218,205.4412,206.147,-1.215950789391152
2015-01-15,300.4256,301.1163,204.9639,206.2055,0.03854441648835594
2015-01-16,299.5032,300.7093,204.7769,206.199,-0.6934403158781894
2015-01-20,298.5448,300.2948,204.6553,205.9685,2.206913494226928
2015-01-21,298.4215,300.1623,204.6405,205.743,2.9299795805478475
2015-01-22,299.5547,300.3513,204.9128,205.6185,1.2019931233052905
2015-01-23,300.7771,300.6565,205.0535,205.422,-1.1403933948304172
2015-01-26,301.6231,300.988,205.2332,205.3045,0.4036441955146459
2015-01-27,302.1113,300.871,205.131,205.02,0.3672680774527177
2015-01-28,302.2826,300.4645,204.7871,204.5855,1.6318611241870462
2015-01-29,303.1872,300.5385,204.6597,204.3075,14.97971635323134
2015-01-30,308.0769,302.7475,204.2988,204.0075,1.5889959712118162
2015-02-02,313.4477,305.545,204.2046,203.8365,-1.6738959195598442
2015-02-03,318.2194,308.613,204.3947,203.9915,0.6841036118531999
2015-02-04,322.6509,312.086,204.4971,204.2015,1.459444441275455
2015-02-05,327.5308,315.8595,204.7945,204.3945,0.4270136956320331
2015-02-06,331.9831,319.5505,204.9998,204.372,-0.5638527349655564
2015-02-09,335.6571,323.232,205.1008,204.3925,-0.4250955074623981
2015-02-10,339.2131,327.3113,205.4045,204.6025,0.5270647468281607
2015-02-11,342.6347,331.3313,205.6888,204.844,-0.38981547149793616
2015-02-12,345.9238,335.5263,206.1308,205.244,0.7838459574333321
2015-02-13,349.3434,340.2703,206.6212,205.7865,-1.8559947108180384
2015-02-17,351.8278,344.5048,207.1011,206.2195,-0.5298059195565091
2015-02-18,353.8795,348.7013,207.5315,206.6255,1.5868811357603054
2015-02-19,356.2714,352.7885,207.9047,206.973,0.6208136476337666
2015-02-20,358.8799,356.4555,208.3652,207.235,-0.8845750035906714
2015-02-23,360.9046,359.843,208.7752,207.549,-0.7086802371892551
2015-02-24,362.589,363.2895,209.2071,207.8675,1.865863746957951
2015-02-25,364.7586,367.2205,209.5826,208.317,-0.03531303812742158
2015-02-26,366.6673,371.265,209.8995,208.8865,-0.8770437881329826
2015-02-27,367.9523,374.684,210.1195,209.3245,0.8092817314998355
2015-03-02,369.6383,376.2403,210.4472,209.959,0.1785548078229089
2015-03-03,371.0642,377.2473,210.6522,210.4235,-0.07278035100393859
2015-03-04,372.1742,378.2058,210.753,210.699,1.231264032099493
2015-03-05,373.6653,379.3598,210.8651,211.022,-0.6037507277445944
2015-03-06,374.2771,379.6698,210.6855,211.09,-0.8188440220653677
2015-03-09,374.685,379.8838,210.606,211.235,-0.7568045172144338
2015-03-10,374.1922,379.8313,210.2074,211.2531,-0.635939606729546
2015-03-11,373.4472,379.5,209.8048,211.1376,0.9004076950080928
2015-03-12,373.5227,379.455,209.6853,211.1456,-0.36422035576374423
2015-03-13,373.2425,379.1255,209.4553,210.9926,-0.6371904140554099
2015-03-16,373.2527,378.7015,209.5205,210.9356,-0.04514862380612067
2015-03-17,373.1258,378.526,209.5119,210.8241,-0.3149584707416633
2015-03-18,373.3171,378.6143,209.7393,210.8381,-0.07570362604022551
2015-03-19,373.3098,378.3265,209.8584,210.8151,0.5250432827174586
2015-03-20,373.8031,378.068,210.1433,210.8206,-0.7285872245592864
2015-03-23,373.9276,377.8165,210.3678,210.8121,0.353962116210613
2015-03-24,373.9431,377.5915,210.4442,210.7051,1.0480403638408875
2015-03-25,373.659,376.871,210.1343,210.4071,-0.7269998680079908
2015-03-26,373.0581,375.9985,209.8053,210.0956,0.670613355494472
2015-03-27,372.8202,375.5185,209.5476,209.8401,-0.12926029868845523
2015-03-30,372.9887,374.9653,209.5545,209.6431,0.1891993841517935
2015-03-31,372.9041,374.3398,209.3903,209.4046,-0.18307883553195486
2015-04-01,372.6518,373.7165,209.1798,209.1781,0.2588680396532662
2015-04-02,372.6135,372.9375,209.0446,208.9696,0.5551562439794022
2015-04-06,373.0351,372.785,209.067,208.9846,-0.4012849000519707
2015-04-07,373.1661,372.5775,209.0282,208.9251,1.4540835343168648
2015-04-08,373.9312,373.162,209.0646,209.0745,0.17452145194015162
2015-04-09,374.8463,374.0205,209.1851,209.292,-0.7550364944856975
2015-04-10,375.5895,374.441,209.3989,209.436,0.3829934109494564
2015-04-13,376.2343,375.03,209.5,209.5955,0.5434121126750993
2015-04-14,377.0796,375.618,209.6266,209.63,-0.9433067386776348
2015-04-15,377.6863,376.1945,209.8441,209.754,0.7226364479531359
2015-04-16,378.4819,376.7398,210.0313,209.7495,-1.558047546253448
2015-04-17,378.2036,376.8558,209.9674,209.668,2.797372456723704
2015-04-20,379.2804,377.4068,210.0924,209.5895,0.5328710308569261
2015-04-21,380.4137,378.2103,210.1846,209.5175,-0.8360536700540908
2015-04-22,381.3077,378.9958,210.3651,209.563,-0.20116275086373706
2015-04-23,382.1345,379.9473,210.5789,209.834,13.910069529001891
2015-04-24,388.1313,383.8348,210.8171,210.154,-1.075114600182867
2015-04-27,392.934,387.2348,210.9526,210.411,-2.382451020527991
2015-04-28,396.3984,389.9708,211.1304,210.571,0.4039768546013859
2015-04-29,399.5385,392.8343,211.2123,210.779,-0.7582245948423656
2015-04-30,401.6568,395.4105,211.0826,210.9125,-0.823296477041888
2015-05-01,403.6771,397.9415,211.1814,211.1305,-0.28037178005823593
2015-05-04,405.5212,400.2415,211.3355,211.3065,0.7187041450069939
2015-05-05,407.0134,402.5805,211.2407,211.3905,-0.08259706026826935
2015-05-06,408.1645,404.4755,211.0721,211.3935,1.4648946927524737
2015-05-07,409.947,406.6425,210.9976,211.3915,0.2923335264580331
2015-05-08,412.2082,409.1945,211.1911,211.4715,0.2898132417646705
2015-05-11,414.1741,411.719,211.2682,211.5485,-0.11617548019816681
2015-05-12,415.7785,414.0145,211.276,211.5745,-1.0006842555909412
2015-05-13,416.8348,416.1855,211.2906,211.5505,0.1984530749334994
2015-05-14,418.3058,418.4975,211.5192,211.6445,-1.5557149743007679
2015-05-15,419.0386,421.0195,211.7469,211.872,-0.4729201412642675
2015-05-18,419.6292,422.806,212.0129,212.035,-0.811474920140524
2015-05-19,419.8273,424.3325,212.2497,212.207,0.6077311273299155
2015-05-20,420.2114,426.0355,212.444,212.3175,1.5438249092172187
2015-05-21,421.2989,428.1175,212.6789,212.4325,-0.7173296669399039
2015-05-22,421.9019,427.244,212.8485,212.5015,0.5813401302598457
2015-05-26,422.2417,426.5895,212.7801,212.496,0.4414931204810071
2015-05-27,423.1158,426.695,212.9115,212.563,-0.9934511509775333
2015-05-28,423.4448,426.555,213.0038,212.6575,1.2313962473061628
2015-05-29,423.9957,426.9275,212.9634,212.794,0.21967618261836042
2015-06-01,424.6552,427.33,212.9621,212.8355,0.09607526072143081
2015-06-02,425.2585,427.7275,212.9448,212.8345,1.0173527020499038
2015-06-03,426.3377,428.4975,212.9862,212.9865,-0.5246943260502807
2015-06-04,426.7608,429.0815,212.8599,213.096,-0.6670306778054926
2015-06-05,426.7788,429.085,212.7009,213.141,-0.1924977007115798
2015-06-08,426.4665,428.5755,212.4332,212.984,0.5008832703339361
2015-06-09,426.3726,428.207,212.1843,212.875,0.05657019867603563
2015-06-10,426.7914,428.1945,212.1963,212.923,0.17158662510383182
2015-06-11,427.3798,428.4995,212.2757,213.003,0.05601947675753716
2015-06-12,427.6217,428.3815,212.1932,212.889,-1.0375060598934285
2015-06-15,427.2454,428.265,212.0348,212.72,0.29161733869152184
2015-06-16,427.2468,428.366,212.0029,212.578,-0.008259062686164553
2015-06-17,427.3004,428.671,212.0017,212.4525,1.7020447218184527
2015-06-18,428.4518,429.4475,212.2034,212.444,-0.42419411535190765
2015-06-19,429.0678,429.612,212.265,212.341,-0.3991174635655669
2015-06-22,429.7557,430.045,212.4655,212.3365,2.1766435288377517
2015-06-23,431.3018,431.071,212.6564,212.4535,0.09952026322796481
2015-06-24,432.2102,431.542,212.5729,212.3345,0.1485046846365665
2015-06-25,432.9616,432.2185,212.4336,212.196,-0.4828633744504246
2015-06-26,433.451,432.662,212.3133,212.1255,0.22172226677604012
2015-06-29,433.109,432.609,211.7815,211.8145,0.7470171780129828
2015-06-30,433.2024,432.764,211.3471,211.5365,-0.02156680452495474
2015-07-01,433.6012,432.804,211.1083,211.3095,0.1928701200048667
2015-07-02,433.9925,433.1505,210.8685,211.156,-0.11785599854943096
2015-07-06,434.1875,433.605,210.5991,210.9985,-0.4593172994382797
2015-07-07,434.4287,434.266,210.4773,210.97,0.07897588776286701
2015-07-08,433.9784,434.477,210.0309,210.7685,0.9116642209659377
2015-07-09,434.0176,434.658,209.6622,210.461,0.8237876569325213
2015-07-10,434.9216,435.185,209.5792,210.249,1.6176318290987486
2015-07-13,436.8881,436.4675,209.723,210.233,1.7781685583560751
2015-07-14,439.6197,438.5625,209.937,210.305,-0.9030410771076254
2015-07-15,441.674,440.259,210.123,210.3145,2.3150806765096528
2015-07-16,444.8937,442.6425,210.4494,210.3925,1.4759597109099831
2015-07-17,448.5238,444.8235,210.7666,210.3755,1.0163867613401607
2015-07-20,452.2929,447.4825,211.0612,210.426,0.3676167623441472
2015-07-21,455.6936,450.068,211.2487,210.359,0.2477890245582228
2015-07-22,458.7961,452.182,211.3793,210.2665,-0.7063896993556235
2015-07-23,461.0232,454.249,211.388,210.251,10.846965477950208
2015-07-24,467.5372,458.715,211.1843,210.158,0.9780335794537556
2015-07-27,473.6203,463.3805,210.8801,209.999,-2.25765314658704
2015-07-28,478.6117,468.189,210.8515,210.1915,-0.10497267591569837
2015-07-29,483.4106,472.9345,210.96,210.43,1.4338982890639986
2015-07-30,488.4915,477.903,211.0647,210.591,0.02782456349942844
2015-07-31,493.0304,482.825,211.1309,210.7495,0.1311107917581509
2015-08-03,497.0303,487.7745,211.1223,210.8995,-0.3765226431791425
2015-08-04,500.3513,492.5335,211.0725,210.9635,0.5855881913411587
2015-08-05,503.8426,497.899,211.1028,211.2435,-0.6017320840564415
2015-08-06,506.2823,502.6525,210.9682,211.42,-1.048666118908479
2015-08-07,507.8383,506.608,210.7979,211.4395,-1.002797326929521
2015-08-10,509.3775,510.0295,210.8962,211.4765,1.5619717741398031
2015-08-11,511.0996,513.124,210.8032,211.374,-0.3891355361128045
2015-08-12,512.5102,516.36,210.7382,211.2855,0.8129926511432872
2015-08-13,514.1435,519.069,210.6593,211.1035,0.008164529610443394
2015-08-14,515.7984,521.4945,210.6565,210.946,0.10740673681487434
2015-08-17,517.6481,523.8505,210.7721,210.8465,0.24582471235007441
2015-08-18,519.3025,526.2015,210.8195,210.7585,0.41214885595059075
2015-08-19,520.5994,528.434,210.7005,210.606,-1.092847063837172
2015-08-20,520.1404,530.114,210.169,210.2885,-1.0553584489728696
2015-08-21,517.6956,528.3665,209.0872,209.7665,-2.119752190223325
2015-08-24,512.5218,524.9645,207.3189,208.893,1.8231603610553266
2015-08-25,508.1264,521.9815,205.5057,207.778,3.445801124988131
2015-08-26,507.4258,520.57,204.5699,206.9625,1.0564926864631774
2015-08-27,508.4681,519.6505,204.1813,206.384,-0.06446068351359002
2015-08-28,509.3768,518.7435,203.8288,205.82,-0.12546893690544147
2015-08-31,509.7114,517.6365,203.3451,205.2055,-0.15888723304406227
2015-09-01,508.457,515.8685,202.3342,204.312,0.8446661346368964
2015-09-02,508.6563,514.5455,201.7823,203.5695,-1.228402175379641
2015-09-03,508.2814,513.3085,201.2993,202.9205,0.4172041881629944
2015-09-04,507.3975,512.1275,200.5717,202.1445,1.12842270309492
2015-09-08,508.3634,511.8045,200.3906,201.4865,1.263644278623344
2015-09-09,509.1755,511.276,199.9639,200.786,0.4990760781323442
2015-09-10,510.4197,511.0925,199.6778,200.128,0.8912678597027954
2015-09-11,512.2312,511.0815,199.5104,199.5285,-1.1333171725137765
2015-09-14,513.1025,510.5745,199.2856,198.8545,-1.0629724562782878
2015-09-15,513.9851,509.932,199.3174,198.242,0.0643009147746173
2015-09-16,515.2618,509.5505,199.5167,197.749,2.429972073886626
2015-09-17,517.5102,509.848,199.6485,197.3155,1.925443452577043
2015-09-18,519.6768,511.072,199.4486,196.937,0.9783820070396878
2015-09-21,522.4114,513.768,199.3668,196.926,-0.5628211688406122
2015-09-22,523.9341,517.5195,199.0548,197.2045,-0.26447367354209694
2015-09-23,525.0899,521.0045,198.741,197.5785,-0.07519859013589242
2015-09-24,525.9147,522.6535,198.3904,197.5475,-1.159537532557684
2015-09-25,525.7562,522.9475,197.958,197.2155,-1.354440165267968
2015-09-28,523.6899,522.25,197.1058,196.642,-1.601000930588694
2015-09-29,521.0594,521.409,196.3376,196.1565,1.2476779932077293
2015-09-30,520.1861,522.1765,195.9921,196.1555,1.4499553277312889
2015-10-01,520.237,522.685,195.73,195.9905,0.805433834126583
2015-10-02,521.4087,524.076,195.7624,195.9585,0.28128378934797427
2015-10-05,523.5298,526.31,196.1298,196.2565,-0.7646628358448322
2015-10-06,524.8584,527.307,196.3908,196.2665,0.005138992889657135
2015-10-07,526.4852,528.5595,196.7831,196.4965,-2.5377655138234454
2015-10-08,527.1209,529.1055,197.3133,196.766,1.1712757721129587
2015-10-09,528.3284,529.6235,197.8072,196.995,1.8358980692437683
2015-10-12,530.4105,531.064,198.2713,197.2715,0.4118745989082143
2015-10-13,532.1714,532.3905,198.5664,197.359,-0.23991868128171012
2015-10-14,533.377,533.2625,198.7372,197.3065,1.6999589055321864
2015-10-15,536.1449,534.441,199.1842,197.433,1.036856276286884
2015-10-16,539.4415,535.966,199.6742,197.772,0.34043522253684905
2015-10-19,542.6519,537.204,200.1329,198.067,-1.9940943970643574
2015-10-20,544.3879,538.328,200.5193,198.472,-0.3282777829853284
2015-10-21,545.4719,539.313,200.7555,198.834,-0.18068554601963438
2015-10-22,547.2279,540.821,201.2874,199.398,5.103586319523119
2015-10-23,552.1614,544.56,201.9895,200.1385,1.829291422647708
2015-10-26,557.5375,549.7875,202.5791,201.097,0.5864826198087598
2015-10-27,562.6301,555.5345,203.0744,202.034,-0.12466801617406997
2015-10-28,567.8177,560.795,203.7445,202.904,1.583709873294367
2015-10-29,573.4113,566.0865,204.3403,203.742,0.34863823432173746
2015-10-30,578.4102,570.7545,204.7888,204.391,-0.8283675429887385
2015-11-02,583.1664,574.988,205.4375,204.99,-0.7342793853677876
2015-11-03,587.18,579.3795,206.0749,205.653,2.7604343978192256
2015-11-04,592.301,584.33,206.5992,206.2065,2.416355590305623
2015-11-05,598.3342,590.4545,207.0488,206.655,0.6052331645865267
2015-11-06,604.1472,596.433,207.4479,207.092,0.37255175525362094
2015-11-09,609.037,601.698,207.6158,207.4185,0.39544226584519515
2015-11-10,613.8601,607.237,207.8162,207.836,2.443287225557766
2015-11-11,619.5163,613.658,207.9203,208.2635,0.2710253384395107
2015-11-12,623.9052,618.816,207.7346,208.3905,-2.3764214664616894
2015-11-13,625.6619,622.3955,207.3475,208.3575,-0.6966156396360303
2015-11-16,627.7712,626.1285,207.2972,208.474,-0.5656434817561536
2015-11-17,629.2501,630.2495,207.2261,208.592,1.5389180161915572
2015-11-18,632.5158,635.638,207.4779,208.9355,-0.24680738129017987
2015-11-19,635.2543,640.506,207.6867,209.102,0.6326965101281552
2015-11-20,638.4158,643.977,207.966,209.2,1.7666975954694821
2015-11-23,642.28,647.496,208.1807,209.302,-1.2973638201190456
2015-11-24,645.0296,650.503,208.4035,209.439,0.6195514294245162
2015-11-25,647.9163,653.415,208.606,209.46,-0.39349151470402216
2015-11-27,650.3299,655.7505,208.8064,209.4955,-0.8579203220183743
2015-11-30,651.708,657.6955,208.9077,209.5365,1.1634460035055771
2015-12-01,654.313,660.231,209.1955,209.553,0.5842097757243925
2015-12-02,656.3794,662.766,209.2474,209.4335,-0.022958911695525552
2015-12-03,657.3194,664.031,209.0105,209.1925,-0.9948568406618157
2015-12-04,658.7785,664.8805,209.1809,209.1665,0.19894139402792932
2015-12-07,659.8311,665.4035,209.2113,209.0795,1.7736250322767417
2015-12-08,661.4976,666.4955,209.1083,209.0255,-1.0634180061123208
2015-12-09,661.8112,666.751,208.859,208.864,-0.6233740774118823
2015-12-10,661.8596,666.2045,208.6829,208.769,-1.3570825388119676
2015-12-11,659.7921,664.932,208.1312,208.615,2.138537252533112
2015-12-14,659.6128,665.71,207.7549,208.6405,-0.8734680811179425
2015-12-15,659.5202,666.2515,207.6058,208.609,1.1555448714114076
2015-12-16,661.0678,667.875,207.7548,208.74,0.7196130630758073
2015-12-17,661.9804,668.2305,207.5953,208.5505,0.902358939112105
2015-12-18,662.186,668.374,207.0834,208.178,-0.8047378706827943
2015-12-21,662.4074,668.177,206.7859,207.845,-1.1313143665964487
2015-12-22,662.4781,667.385,206.6968,207.6265,-1.1752602214964152
2015-12-23,662.5945,667.0125,206.8628,207.5225,0.6352943887576435
2015-12-24,662.6131,666.385,206.8597,207.3375,2.109297475082087
2015-12-28,663.8118,666.482,206.8102,207.119,1.7282547566777726
2015-12-29,666.684,667.9405,206.9721,207.051,0.03249129401869344
2015-12-30,668.816,668.441,206.9719,206.803,-0.8980831425492186
2015-12-31,669.4898,668.435,206.7717,206.5595,-4.35448602700831
2016-01-04,666.3945,666.972,206.3172,206.3215,-0.7102834665324969
2016-01-05,663.2893,665.0295,205.9461,205.9025,1.1292888699507295
2016-01-06,660.3713,663.1705,205.3579,205.416,-1.5130414281331332
2016-01-07,655.3779,659.701,204.3705,204.759,0.9613530894156191
2016-01-08,650.7752,656.814,203.2714,204.076,1.6572569068787713
2016-01-11,647.629,654.585,202.296,203.377,-0.7476186804037317
2016-01-12,644.7967,653.472,201.5554,202.9585,-3.4076004789232015
2016-01-13,638.798,649.667,200.4349,202.239,0.3373448632545699
2016-01-14,634.4363,646.385,199.7078,201.5695,-1.7424202136964517
2016-01-15,628.3166,641.1055,198.6632,200.548,0.7011648734778744
2016-01-19,623.1893,636.297,197.7277,199.686,0.6879809687482493
2016-01-20,618.2922,631.6785,196.6727,198.9075,0.04872111683159552
2016-01-21,614.1711,627.204,195.8105,198.0905,1.6519735184862019
2016-01-22,612.4767,623.8655,195.399,197.3725,1.5500355548278126
2016-01-25,610.958,620.507,194.7486,196.379,-0.5663433554460868
2016-01-26,610.0334,617.43,194.404,195.594,-1.904562568194656
2016-01-27,607.4921,612.8375,193.897,194.731,8.369288061744578
2016-01-28,610.1452,609.9065,193.5363,193.811,-9.98228951931947
2016-01-29,607.9409,604.803,193.6395,193.1935,-2.066384551943012
2016-02-01,604.7856,599.749,193.731,192.68,-2.1471708252745234
2016-02-02,599.7679,595.5045,193.4795,192.1345,-4.34287244998708
2016-02-03,593.2253,590.3685,193.349,191.619,0.7586475530811018
2016-02-04,587.8,585.549,193.271,191.257,-4.453059647525135
2016-02-05,579.641,580.2585,192.85,190.95,-1.4491143555828383
2016-02-08,570.9228,574.311,192.2271,190.624,-1.1978307924843454
2016-02-09,562.4606,567.5275,191.6569,190.2845,1.7928846609520568
2016-02-10,555.6053,561.157,191.1325,189.866,3.9660914425761766
2016-02-11,550.6734,557.2575,190.437,189.568,-1.376552280542926
2016-02-12,546.5216,552.9615,190.162,189.3055,1.101293342889604
2016-02-16,544.1005,550.5075,190.2104,189.402,0.8374090186493601
2016-02-17,543.1481,548.4885,190.5551,189.6515,-1.3013862994480685
2016-02-18,541.4197,546.15,190.7927,189.9715,1.9478743478743459
2016-02-19,540.7988,544.144,190.9963,190.237,3.152870110974848
2016-02-22,542.5798,542.3,191.4462,190.4485,0.043547465356491344
2016-02-23,543.5665,540.1205,191.6265,190.687,-0.2562201252517371
2016-02-24,544.564,537.76,191.8735,190.8415,-0.9735799297555074
2016-02-25,545.5722,536.35,192.3141,191.2125,0.1925275680254264
2016-02-26,546.492,532.344,192.6795,191.5145,0.34800880698194764
2016-02-29,547.0661,530.62,192.8538,191.509,2.393780288986238
2016-03-01,550.1112,530.8315,193.4572,191.7385,-0.2397306667299458
2016-03-02,552.9778,532.237,194.087,192.1875,-0.8236715743102658
2016-03-03,555.3123,534.558,194.7245,192.621,-0.7555737562121365
2016-03-04,557.2006,536.502,195.3678,193.0685,-2.2448299939698035
2016-03-07,557.7339,539.5355,195.969,193.71,0.6891056137683098
2016-03-08,557.9745,543.1435,196.2939,194.3635,-0.657607426057935
2016-03-09,558.1169,547.0135,196.6859,195.072,-0.15140740130383448
2016-03-10,558.1943,550.436,197.051,195.7905,0.2550986457271254
2016-03-11,559.2815,553.7255,197.6976,196.791,0.797463408065398
2016-03-14,560.6233,557.04,198.2559,197.5915,0.8036141158145577
2016-03-15,562.1849,559.836,198.7287,198.219,-1.116287416966588
2016-03-16,563.3359,561.8445,199.2802,198.7535,-3.2131541307873617
2016-03-17,562.9648,563.5665,199.9021,199.3915,-1.684873945697033
2016-03-18,561.9282,564.4255,200.5372,200.0735,0.19892380118216305
2016-03-21,561.1712,564.1495,201.1403,200.631,1.2313350012402005
2016-03-22,561.1054,564.5265,201.6745,201.3015,2.817535306582947
2016-03-23,561.9172,565.306,201.9246,201.8055,2.3970971393106018
2016-03-24,563.9204,566.696,202.1394,202.1895,-0.5920165109802148
2016-03-28,565.4394,567.928,202.3461,202.5975,1.4581777322664102
2016-03-29,568.1461,569.995,202.7189,203.185,0.39152527440305596
2016-03-30,571.055,570.9775,203.139,203.582,-0.6117698048115556
2016-03-31,573.206,571.649,203.4734,203.911,0.17991679624000445
2016-04-01,575.6149,572.6995,203.9016,204.2705,-0.5602478090210254
2016-04-04,577.2888,573.602,204.2243,204.561,-0.209184997953909
2016-04-05,578.1317,574.769,204.3229,204.74,1.6379317111767355
2016-04-06,580.4125,576.86,204.6236,205.145,-0.5591127674047429
2016-04-07,581.4618,578.458,204.6566,205.373,0.23838451601290345
2016-04-08,582.7131,580.2415,204.7446,205.626,0.5058083964618824
2016-04-11,583.9718,581.5575,204.7689,205.684,0.2295419375249883
2016-04-12,585.8002,583.0475,204.9833,205.857,0.9267282663857848
2016-04-13,588.564,584.9375,205.3753,206.151,0.9549451363376127
2016-04-14,591.6293,587.2615,205.732,206.381,0.9858347397344058
2016-04-15,594.8923,590.584,206.0232,206.53,0.7834434837161257
2016-04-18,598.7454,594.7475,206.4315,206.717,-1.4768947226745228
2016-04-19,601.522,598.4435,206.8618,206.921,0.7347912795319386
2016-04-20,604.519,602.069,207.2664,207.139,0.18299008490941754
2016-04-21,607.041,605.1375,207.5325,207.427,-1.6497437227579526
2016-04-22,608.3228,607.015,207.7703,207.7195,1.094779330668515
2016-04-25,610.0254,609.3315,207.9503,207.987,-1.655279328156224
2016-04-26,610.6782,610.4825,208.1465,208.1745,-1.857019150288282
2016-04-27,610.2869,610.8765,208.3611,208.338,0.11160225818791314
2016-04-28,609.4977,611.2945,208.3819,208.4345,10.103409417070793
2016-04-29,614.2684,614.349,208.2941,208.409,2.8971689989089544
2016-05-02,620.8952,618.882,208.369,208.4985,-0.9570101021155695
2016-05-03,625.6976,623.141,208.2624,208.598,0.5067973674032619
2016-05-04,630.0026,626.582,208.0536,208.5275,-1.7312056358848547
2016-05-05,632.7728,629.965,207.859,208.5795,1.8662931359210777
2016-05-06,636.6944,633.9325,207.7591,208.641,0.763890844728678
2016-05-09,640.795,638.1235,207.6877,208.7415,2.218171230052704
2016-05-10,646.7259,643.1185,207.8622,208.8665,2.3757895559698117
2016-05-11,653.0596,648.039,207.8344,208.79,0.6107974447533188
2016-05-12,659.2378,652.898,207.8187,208.7175,-0.19116391222975238
2016-05-13,664.0647,657.0995,207.6217,208.5655,-0.9066985043203792
2016-05-16,668.5023,660.865,207.6416,208.4415,-1.2850651936850102
2016-05-17,671.0516,664.2335,207.4852,208.194,0.3038385171591549
2016-05-18,673.5657,667.4565,207.3457,207.9395,0.507750546113075
2016-05-19,675.9423,670.8325,207.1499,207.701,0.003829310845634537
2016-05-20,678.5002,674.9475,207.0918,207.5265,-0.7252753845110022
2016-05-23,680.2383,678.475,207.0126,207.3565,-0.2300808518279156
2016-05-24,682.5204,682.841,207.1962,207.303,-0.08551366526327309
2016-05-25,684.9803,687.93,207.4965,207.3005,0.8880640048922885
2016-05-26,687.8308,693.5755,207.7759,207.393,-0.7869127324979017
2016-05-27,690.1555,696.208,208.1115,207.585,1.6374183308890649
2016-05-31,693.2635,698.155,208.3838,207.6795,-0.6530822029784875
2016-06-01,695.7565,700.561,208.6682,207.8855,0.8967317949022564
2016-06-02,698.8502,703.428,208.9912,208.185,-0.03594599075712812
2016-06-03,701.3921,706.7505,209.2158,208.452,-0.3895683346339155
2016-06-06,703.8052,709.3895,209.5305,208.7375,-0.5290680183544539
2016-06-07,705.7038,711.589,209.839,209.0255,0.0811024549634961
2016-06-08,707.6977,712.7675,210.1829,209.222,0.25611937457032796
2016-06-09,709.5979,713.4885,210.4703,209.5035,-0.39577888881025314
2016-06-10,710.3895,713.4875,210.5388,209.6795,0.4188442242470717
2016-06-13,710.8515,713.7535,210.4418,209.868,0.7490085647255336
2016-06-14,711.6561,714.1855,210.3178,209.9335,-0.5237662326733015
2016-06-15,711.9041,715.135,210.1704,210.072,0.12929908404327295
2016-06-16,712.438,716.138,210.1018,210.2435,-1.172625859731435
2016-06-17,711.862,716.5315,209.9645,210.412,0.4173612346573481
2016-06-20,712.0666,717.092,209.9717,210.587,0.45345976218692674
2016-06-21,712.424,718.0455,209.9382,210.755,-0.5622648055269018
2016-06-22,712.2503,718.3655,209.8745,210.7715,0.3110013551322133
2016-06-23,713.1865,719.052,210.077,210.854,0.34059154058087504
2016-06-24,711.8316,718.2545,209.5449,210.557,0.800293119591085
2016-06-27,709.8819,717.2105,208.6958,210.0235,0.5305058476814051
2016-06-28,709.6979,716.4685,208.2848,209.694,-0.5927687700382986
2016-06-29,710.26,716.2765,208.2386,209.5155,-1.296531417802405
2016-06-30,710.7705,715.6455,208.454,209.4375,1.106486603215212
2016-07-01,712.1904,715.6525,208.7089,209.4265,1.0392066516544298
2016-07-05,713.7056,715.721,208.7975,209.2825,0.7337294211349091
2016-07-06,715.9822,716.4145,208.9921,209.186,-0.0556231247165723
2016-07-07,717.943,716.911,209.1509,209.0465,-0.264572157153776
2016-07-08,720.597,717.819,209.5994,209.0795,0.6898843292905432
2016-07-11,723.7573,719.6125,210.0823,209.2535,-1.4423476236127741
2016-07-12,726.0861,721.261,210.663,209.5865,-0.7365283784604904
2016-07-13,727.6617,722.4275,211.1866,209.9375,-0.7430770132951994
2016-07-14,728.9511,723.7745,211.7736,210.3665,-0.629890213409303
2016-07-15,729.5691,724.671,212.2742,210.7455,-0.1907964711886107
2016-07-18,730.1882,726.155,212.7842,211.194,0.6374026927411145
2016-07-19,731.1179,727.452,213.2229,211.5615,0.3565798785156826
2016-07-20,732.5086,728.947,213.7074,211.996,0.18888355410206709
2016-07-21,733.6439,730.6385,214.0705,212.4085,-0.37897913427095886
2016-07-22,734.7121,731.7775,214.4895,212.732,-0.44850233796668537
2016-07-25,735.1786,733.81,214.8153,213.403,-0.5848311528131411
2016-07-26,735.2178,736.0215,215.1186,214.2715,0.24773835045473908
2016-07-27,735.3561,737.4575,215.372,214.9415,2.044404577195296
2016-07-28,736.9993,739.308,215.6261,215.4535,0.672451466767584
2016-07-29,739.0765,741.4675,215.8874,215.847,1.2913272782670289
2016-08-01,741.8064,743.5705,216.1001,216.1965,-0.3411898248168599
2016-08-02,743.5943,745.1945,216.1696,216.556,-1.0761450426409396
2016-08-03,744.6463,746.046,216.2934,216.8875,0.7203411473495702
2016-08-04,746.1819,747.256,216.4245,217.238,-0.1099486182782744
2016-08-05,748.0674,748.2645,216.7079,217.515,0.13041461438462998
2016-08-08,749.8286,748.9035,216.9529,217.7455,0.16444732008842144
2016-08-09,751.5888,749.9085,217.1878,217.9075,0.2786423125347289
2016-08-10,753.2051,751.205,217.349,218.0435,-0.11273598853052419
2016-08-11,754.9227,752.707,217.591,218.1705,0.2530120598723725
2016-08-12,756.6024,754.563,217.7928,218.3045,-0.8272158998861341
2016-08-15,757.7346,756.184,218.0383,218.4415,-0.07082148420405399
2016-08-16,758.3351,757.3885,218.1537,218.5345,-0.10521904892894403
2016-08-17,758.9346,758.334,218.2962,218.6015,-0.2544205465619116
2016-08-18,759.4608,759.3355,218.4737,218.7335,-0.7808675956245856
2016-08-19,759.256,759.958,218.6019,218.801,0.31838475460711513
2016-08-22,759.2773,760.9515,218.7112,218.893,0.1817282563190801
2016-08-23,759.5795,762.2945,218.854,219.0035,-0.20973547183299424
2016-08-24,759.3576,763.3235,218.8841,219.073,0.3605305667666995
2016-08-25,759.3445,763.654,218.8904,219.1185,1.4662870275889535
2016-08-26,760.2641,764.1635,218.8589,219.128,-0.17805253728388026
2016-08-29,761.3142,764.341,218.9295,219.202,-0.3261853718869515
2016-08-30,761.9109,764.691,218.961,219.3235,0.484050255932038
2016-08-31,762.6013,765.417,218.9313,219.3825,0.1806704245603898
2016-09-01,763.365,765.9095,218.9064,219.4325,-0.2028442271890495
2016-09-02,764.2293,766.2325,218.9754,219.444,1.7900957554760437
2016-09-06,766.576,767.348,219.1082,219.4985,-0.5383409066899371
2016-09-07,768.2812,768.1565,219.2245,219.544,0.18247097212449453
2016-09-08,769.7839,768.9315,219.2803,219.5905,-0.653261794227546
2016-09-09,768.8654,768.3765,218.8288,219.323,0.05285514456891849
2016-09-12,769.1154,768.323,218.7147,219.219,0.093595348938315
2016-09-13,768.3435,767.949,218.3104,218.924,0.06646422681768999
2016-09-14,767.6526,767.8015,217.9332,218.679,0.11759539143034892
2016-09-15,767.8467,768.0545,217.7986,218.5225,1.5628811018628386
2016-09-16,768.8632,768.7575,217.5911,218.2955,-0.49031074842785183
2016-09-19,769.4572,769.647,217.4139,218.091,0.6512890799322206
2016-09-20,770.4822,770.684,217.2554,217.891,0.10313506666702632
2016-09-21,772.3163,772.0485,217.3416,217.7885,1.2800662352388519
2016-09-22,775.4004,774.421,217.5471,217.805,0.6544014054106354
2016-09-23,778.2909,776.7475,217.6236,217.775,0.5102713416087601
2016-09-26,780.2784,778.2555,217.4166,217.6195,1.5129473206091322
2016-09-27,783.6909,780.4965,217.3541,217.4775,1.0192075541597054
2016-09-28,787.9794,783.5535,217.4061,217.4095,0.9393156272648046
2016-09-29,791.8909,786.548,217.2664,217.274,0.24611269918489365
2016-09-30,796.2165,789.8825,217.2944,217.2185,0.2398858768406295
2016-10-03,800.0759,793.0975,217.2559,217.0815,0.11413405624529188
2016-10-04,803.3096,795.3555,217.1306,216.86,0.7986275404853614
2016-10-05,807.2192,798.3495,217.1076,216.688,-0.4165920934581009
2016-10-06,810.4993,801.2295,217.1069,216.5525,0.1265720493377338
2016-10-07,813.2546,805.194,217.0253,216.638,-0.23243336260587188
2016-10-10,815.9646,808.705,217.0553,216.6235,-0.039318727842219126
2016-10-11,817.3966,812.2045,216.8272,216.633,0.24606085149851523
2016-10-12,818.9864,815.8545,216.6465,216.662,-0.26959965519503454
2016-10-13,819.9668,818.834,216.4201,216.5495,-0.771440905730717
2016-10-14,820.2518,821.056,216.2173,216.483,-0.8850143061297504
2016-10-17,819.5564,822.9485,215.9661,216.3755,-0.039894059467114884
2016-10-18,819.3748,824.82,215.8646,216.333,-0.2417342690979749
2016-10-19,819.2144,826.2175,215.8232,216.1965,-0.729570046779159
2016-10-20,818.3673,826.4985,215.7505,215.9745,1.0234490234534876
2016-10-21,818.4266,827.1605,215.6943,215.815,1.890608924330388
2016-10-24,820.2993,829.107,215.7339,215.848,-0.02793623199646117
2016-10-25,821.7165,830.0605,215.704,215.781,-1.298565216727893
2016-10-26,821.7997,829.754,215.6341,215.6345,-0.2397725450551404
2016-10-27,821.4721,829.2195,215.5146,215.5565,-4.8432327783498
2016-10-28,817.1719,826.17,215.3466,215.366,1.767043794564731
2016-10-31,814.567,823.824,215.1888,215.206,0.12487765205235157
2016-11-01,811.7901,821.393,214.907,215.0205,-1.9006638037484462
2016-11-02,807.3872,817.453,214.5254,214.721,0.6092756664199392
2016-11-03,803.5437,813.7215,214.0963,214.367,-1.3952177106327057
2016-11-04,798.9253,809.5025,213.6748,214.038,1.7395830349695052
2016-11-07,797.5924,806.6635,213.7362,213.887,-0.10265838642482422
2016-11-08,796.655,804.501,213.8861,213.9195,-3.119981476377464
2016-11-09,794.2955,801.3905,214.2484,214.0575,-4.019366187044938
2016-11-10,789.3511,797.0455,214.6171,214.25,-0.27514475860116255
2016-11-11,784.5568,792.848,214.9136,214.422,-2.7257614205652523
2016-11-14,778.3199,788.154,215.1875,214.6325,2.566942931046495
2016-11-15,774.979,784.4335,215.6001,214.8635,0.5648256557883908
2016-11-16,772.2657,780.8735,215.9468,215.054,0.875986315463764
2016-11-17,770.7547,778.1775,216.3547,215.3125,0.6968826134439063
2016-11-18,769.7457,775.236,216.6819,215.544,1.8820092415380323
2016-11-21,770.7223,772.3315,217.1303,215.808,0.516207446888601
2016-11-22,772.1135,769.839,217.5712,216.125,-0.7716404877471014
2016-11-23,772.876,767.7155,217.993,216.4765,-0.33281851302155974
2016-11-25,773.5897,765.816,218.4518,216.898,-1.302926416189536
2016-11-28,772.9402,765.3385,218.7735,217.302,-0.7165595552687066
2016-11-29,771.9478,763.9735,219.0989,217.727,-1.2701289373577151
2016-11-30,769.9119,762.2315,219.3304,218.192,-0.5608410684513528
2016-12-01,767.4107,761.136,219.4637,218.6835,-0.5266494545161039
2016-12-02,764.8326,759.8015,219.6014,219.228,1.989668393761585
2016-12-05,764.3114,760.017,219.848,219.854,0.34580535669454293
2016-12-06,764.3503,759.0065,220.1472,220.2875,-0.5461668824263499
2016-12-07,764.9283,758.14,220.6922,220.8155,-0.6401555048730224
2016-12-08,765.1571,757.9125,221.2368,221.2515,-0.4626860161069854
2016-12-09,765.4907,759.2265,221.8666,221.738,-0.9881365152666729
2016-12-12,764.9792,760.282,222.4098,222.23,1.220407905796161
2016-12-13,765.8707,763.0455,223.0422,222.793,0.04242845434074749
2016-12-14,766.1516,764.3245,223.4496,223.183,-1.3514736137089614
2016-12-15,765.661,765.05,223.8906,223.625,-0.27098659621470556
2016-12-16,764.9094,765.1185,224.2563,224.0,0.9016525997011755
2016-12-19,765.0133,765.4105,224.6271,224.418,0.2869848234379275
2016-12-20,765.6044,764.9715,225.0483,224.801,0.7360235237613113
2016-12-21,766.0802,764.235,225.2513,225.072,-0.40755672176172986
2016-12-22,766.1049,763.546,225.4036,225.3145,-0.8164426901970984
2016-12-23,765.5797,762.557,225.5556,225.524,1.1393267445461555
2016-12-27,766.134,762.7885,225.7541,225.8145,0.9161056349998212
2016-12-28,766.7051,763.269,225.7557,225.9935,-0.8951342780608786
2016-12-29,766.557,763.998,225.7551,226.2045,-1.6603384609840257
2016-12-30,764.9677,764.309,225.6822,226.4175,-0.19994357135598206
2017-01-03,763.8918,764.9755,225.7677,226.701,-0.13892188016030665
2017-01-04,763.2525,764.8665,225.9756,226.989,3.165370929541089
2017-01-05,764.8904,765.653,226.1436,227.2265,1.5959714522502044
2017-01-06,767.8523,766.9315,226.3814,227.365,0.44048854276742305
2017-01-09,770.6206,768.411,226.526,227.4395,-0.08411387792100089
2017-01-10,773.0282,769.773,226.6473,227.437,0.12423029307025368
2017-01-11,775.5036,771.718,226.8152,227.479,2.022377482465492
2017-01-12,779.1356,773.683,226.9252,227.425,0.2459309075046147
2017-01-13,782.7551,776.099,227.0647,227.4785,-0.5796594769103948
2017-01-17,785.3232,778.535,227.1195,227.4565,-0.4699264852790785
2017-01-18,787.4334,781.0205,227.211,227.474,0.5132567752127928
2017-01-19,789.4911,783.1725,227.2242,227.434,-0.4176461689962922
2017-01-20,791.2853,785.028,227.3076,227.3865,1.4138024015209012
2017-01-23,793.8181,787.392,227.3326,227.406,-0.05326206892080054
2017-01-24,796.544,790.197,227.4876,227.5115,0.8996100166024334
2017-01-25,800.3513,793.9935,227.805,227.7025,0.3447244044984577
2017-01-26,804.0464,797.381,228.0854,227.858,-0.25110922940970803
2017-01-27,807.0677,800.563,228.3059,228.0895,-0.050296215116994336
2017-01-30,809.2879,803.8245,228.3748,228.2535,-0.7872824663089943
2017-01-31,810.6395,807.505,228.4277,228.4505,1.0247182871109286
2017-02-01,812.7072,811.439,228.487,228.574,0.8781505595069862
2017-02-02,815.3017,815.5775,228.5482,228.633,-4.266357045800029
2017-02-03,814.8159,817.065,228.7617,228.7855,-0.13832068698940989
2017-02-06,814.1324,817.6475,228.9158,228.8725,0.606093910972074
2017-02-07,813.977,818.4265,229.0543,228.996,0.7658410116167677
2017-02-08,814.523,819.617,229.2063,229.1385,-0.38401170587358313
2017-02-09,815.1741,820.734,229.4724,229.318,0.3504293131996429
2017-02-10,816.3442,821.425,229.7998,229.565,0.5422634856871946
2017-02-13,818.2667,822.3945,230.2188,229.8555,-0.41810215500955494
2017-02-14,819.9927,823.728,230.6875,230.2305,0.24409847176092647
2017-02-15,822.1553,825.489,231.2258,230.6435,0.22165362468277977
2017-02-16,824.2491,827.244,231.7015,231.087,-0.004128930000695641
2017-02-17,826.232,829.081,232.1575,231.5065,0.7407739422081994
2017-02-21,829.109,831.009,232.7063,232.024,-0.03806949315566019
2017-02-22,831.6329,832.6675,233.1895,232.465,-0.47962061861534633
2017-02-23,833.5907,833.451,233.6448,232.8225,-0.9374099294986735
2017-02-24,834.7002,833.7555,234.0844,233.198,0.2469600770779849
2017-02-27,836.0278,834.399,234.5173,233.6095,-0.17277286842711048
2017-02-28,836.8861,835.132,234.8518,234.0595,-0.38873295418132414
2017-03-01,838.4283,836.612,235.4583,234.674,0.08742046703579015
2017-03-02,839.4266,837.44,235.8747,235.213,0.0558894919920437
2017-03-03,840.4222,837.9365,236.2647,235.755,-0.09305707188234452
2017-03-06,841.0115,839.757,236.5509,236.179,0.2228668224586426
2017-03-07,841.4885,841.676,236.7432,236.5885,0.7307371183607342
2017-03-08,842.3467,843.576,236.8715,236.9745,0.1973426131424317
2017-03-09,843.3613,845.2405,237.0094,237.358,-0.41157721085504057
2017-03-10,844.2279,846.7955,237.2133,237.7155,0.1913244314548157
2017-03-13,845.2147,848.152,237.4111,238.0345,0.1141662541432108
2017-03-14,845.9114,848.952,237.5091,238.2465,-0.7662047157177827
2017-03-15,846.5837,849.781,237.7834,238.509,0.181713949233062
2017-03-16,847.2347,850.317,238.0022,238.696,0.0740337185066976
2017-03-17,847.7181,850.7255,238.1534,238.8645,0.6830238910429621
2017-03-20,848.5992,851.3205,238.2591,239.0032,-0.35151347521086596
2017-03-21,848.085,850.6585,238.0687,238.9202,0.3562792077232476
2017-03-22,848.0826,850.281,237.946,238.8702,0.029623565581580913
2017-03-23,848.0157,850.0405,237.8102,238.7977,0.26888173256011905
2017-03-24,847.7866,850.059,237.5797,238.6542,0.2875331093464037
2017-03-27,847.6945,849.968,237.3388,238.4752,0.348042029341488
2017-03-28,848.4855,850.516,237.2855,238.4127,1.9923703773288586
2017-03-29,850.946,851.578,237.2707,238.2082,-0.021989075085637105
2017-03-30,853.3644,852.9495,237.3145,238.1032,1.3574286314176045
2017-03-31,856.524,854.7825,237.3102,237.9682,0.72919071564805
2017-04-03,859.856,857.0275,237.2683,237.8482,1.6719937964002773
2017-04-04,864.3297,860.068,237.2409,237.7687,0.5655554942320938
2017-04-05,868.6107,863.007,237.1493,237.6782,-1.4721489140687063
2017-04-06,871.4364,865.271,237.1256,237.6072,-0.28563494723831373
2017-04-07,873.6691,867.392,237.0832,237.4837,1.287014469576627
2017-04-10,876.8473,870.0145,237.061,237.3617,-0.3893015702322493
2017-04-11,879.2771,872.506,237.0123,237.2672,-0.2734958957618683
2017-04-12,880.8916,874.669,236.8768,237.0272,-0.6276801475997353
2017-04-13,881.2515,876.2315,236.6057,236.7247,1.0903820100015928
2017-04-17,883.2266,878.7155,236.5537,236.5482,0.4992210841079103
2017-04-18,885.184,881.056,236.4391,236.3525,-0.33255186935922215
2017-04-19,886.5189,883.856,236.2963,236.2865,-0.44383615624433703
2017-04-20,887.999,886.556,236.3376,236.284,-0.13787321807101915
2017-04-21,889.0019,889.1135,236.3179,236.2645,-0.0746929268906229
2017-04-24,890.7551,892.2035,236.539,236.427,-0.5677053484363319
2017-04-25,892.3613,895.2435,236.8734,236.677,0.22565569621120496
2017-04-26,893.9735,897.908,237.1664,236.8355,0.9413355812022338
2017-04-27,896.298,900.111,237.4448,236.9835,0.9404961909364656
2017-04-28,899.0305,902.5435,237.6463,237.075,2.236954501487882
2017-05-01,903.7162,905.628,237.8914,237.2225,-0.173508599649353
2017-05-02,907.8328,908.3995,238.1217,237.3945,-0.524244572305964
2017-05-03,910.9944,910.1095,238.3073,237.549,-0.43858010994663327
2017-05-04,913.5216,911.522,238.4904,237.7465,-0.7892775723507808
2017-05-05,915.4862,913.3155,238.7542,237.9645,1.6312665789303475
2017-05-08,918.6818,916.0235,238.9843,238.189,0.4729333754458859
2017-05-09,921.9331,918.3125,239.1753,238.396,-0.5679952001482425
2017-05-10,924.5061,920.642,239.3853,238.6375,0.04213028541459787
2017-05-11,926.7074,923.2115,239.5333,238.905,1.60245821914302
2017-05-12,930.0067,927.0455,239.6321,239.232,-0.8587178136172693
2017-05-15,932.6699,929.8445,239.8376,239.5185,0.9282543672782158
2017-05-16,935.8509,932.959,240.0045,239.8305,-0.4466655230412424
2017-05-17,936.6993,935.237,239.7507,239.9505,1.095143132260167
2017-05-18,938.7746,938.0585,239.6021,240.0235,-0.5602744139903639
2017-05-19,940.7809,941.124,239.6266,240.21,0.6530358071157424
2017-05-22,943.6275,944.287,239.7574,240.328,-0.12613882176690844
2017-05-23,946.2858,947.483,239.9253,240.4015,0.658381117188093
2017-05-24,949.53,951.036,240.1343,240.51,0.8541460633211935
2017-05-25,953.7062,954.786,240.433,240.669,0.25804202370273477
2017-05-26,957.7132,958.3255,240.6993,240.8525,0.15405990957290783
2017-05-30,961.4262,960.749,240.9261,240.9955,-0.1346389770461724
2017-05-31,964.5876,963.133,241.1141,241.125,-0.6855477777151535
2017-06-01,967.5745,965.879,241.4737,241.366,0.7638733022114516
2017-06-02,971.3036,969.339,241.8733,241.638,0.5230462277026384
2017-06-05,975.1165,973.1985,242.2197,241.8505,-0.5558203325275093
2017-06-06,977.7721,975.8965,242.4702,242.0345,0.5415200182584802
2017-06-07,980.8481,978.759,242.7349,242.2475,-0.008741695893003668
2017-06-08,983.6502,981.825,242.9811,242.4445,-3.0086110218414026
2017-06-09,983.1416,983.3595,243.1677,242.6445,-1.3574610905043305
2017-06-12,981.4053,983.5375,243.3336,242.8615,1.1557734349806612
2017-06-13,981.3467,984.6785,243.598,243.0775,-0.3307542192535694
2017-06-14,980.8822,985.1985,243.8116,243.29,-1.0725257432342377
2017-06-15,979.2906,986.169,243.9609,243.692,2.5229843977916913
2017-06-16,980.0924,987.63,244.077,244.0415,-0.14609615804966203
2017-06-19,981.5284,989.3965,244.3926,244.418,0.3915421043444207
2017-06-20,982.5819,990.4925,244.5247,244.657,1.011883359625163
2017-06-21,984.4531,992.027,244.6347,244.865,-0.06023038828557348
2017-06-22,986.0576,993.0745,244.7267,245.039,0.14189168088000803
2017-06-23,987.7416,993.5925,244.8336,245.168,-1.0333761737204152
2017-06-26,988.3358,993.5025,244.9447,245.3065,-0.5271650784879458
2017-06-27,987.2352,992.5065,244.7633,245.3045,0.5396139369996257
2017-06-28,987.53,992.292,244.7954,245.4145,-0.6095075240488741
2017-06-29,986.4252,991.291,244.6273,245.3215,-0.9689175749514295
2017-06-30,984.6704,989.3545,244.5113,245.2085,-1.670386512434728
2017-07-03,981.717,986.4705,244.4502,245.1265,1.6469733896792367
2017-07-05,980.7345,984.8905,244.4445,245.1035,0.25576978065154576
2017-07-06,979.2493,982.644,244.2298,244.9505,0.7835878061809053
2017-07-07,979.2027,981.0685,244.1803,244.87,1.7150578815144912
2017-07-10,980.8472,981.9765,244.1574,244.82,-0.18563652181336926
2017-07-11,982.1122,983.4375,244.1253,244.7655,0.49475628237482794
2017-07-12,984.4358,984.7235,244.2705,244.7425,-0.7388885127613635
2017-07-13,985.9781,985.9315,244.4381,244.752,-0.3169806054336341
2017-07-14,987.4859,987.8135,244.6916,244.838,0.8012783385746397
2017-07-17,989.6339,988.93,244.9257,244.9365,1.3417075287159652
2017-07-18,992.9497,990.394,245.1575,244.935,-0.2731547272044679
2017-07-19,996.1802,992.108,245.4873,245.077,0.12994502742287067
2017-07-20,999.2774,993.4315,245.7971,245.23,-0.2181615347182386
2017-07-21,1001.7909,994.65,246.0593,245.3775,1.3189034350033064
2017-07-24,1005.3299,996.4105,246.2908,245.5095,-0.14485885430904513
2017-07-25,1008.6194,998.705,246.5555,245.663,1.2153201099296065
2017-07-26,1012.8271,1002.506,246.8016,245.968,-0.5535790840857289
2017-07-27,1015.9864,1005.2895,247.0024,246.1585,-2.3412224910552704
2017-07-28,1016.3725,1007.495,247.1507,246.435,-3.122389338890982
2017-07-31,1013.6494,1008.484,247.2754,246.6875,0.21306709452929753
2017-08-01,1011.6133,1010.4145,247.4454,246.947,0.34072947847351426
2017-08-02,1010.1158,1011.639,247.6049,247.1835,-0.724080176332695
2017-08-03,1007.9067,1012.728,247.7073,247.508,-0.08593209865431314
2017-08-04,1005.9708,1013.169,247.8361,247.7755,0.29020378495598437
2017-08-07,1004.666,1012.959,247.9965,248.0545,-0.024469810500177686
2017-08-08,1003.254,1012.7445,248.0892,248.312,-0.7709541943697872
2017-08-09,1001.2307,1011.5195,248.1683,248.4755,-1.1689763328868452
2017-08-10,997.0107,1009.334,247.9113,248.4475,1.0549910777979992
2017-08-11,994.2468,1007.643,247.7026,248.3785,0.584558073794009
2017-08-14,993.2042,1006.306,247.7471,248.4295,-0.04889209126744076
2017-08-15,992.2076,1004.2205,247.7855,248.469,-0.6453507220296316
2017-08-16,990.8717,1001.786,247.8631,248.468,-0.2717222210186989
2017-08-17,987.9858,998.3795,247.5714,248.271,0.006053008354723027
2017-08-18,985.1748,995.0195,247.255,248.056,-0.6796463046877321
2017-08-21,982.1381,990.7365,247.0012,247.861,0.4423648962769714
2017-08-22,980.6869,987.088,247.0011,247.7575,-0.5763379187126267
2017-08-23,978.5262,982.348,246.9201,247.608,-0.39245402157737774
2017-08-24,976.0428,977.6705,246.8029,247.447,-0.9543335866707289
2017-08-25,973.1111,973.9315,246.7436,247.328,0.06009081744319858
2017-08-28,970.531,971.8435,246.6947,247.2165,0.7239777738317245
2017-08-29,968.9623,969.933,246.6799,247.0905,0.9354695066124927
2017-08-30,968.8316,968.518,246.7799,247.021,0.7754097195194553
2017-08-31,969.9524,968.202,247.0047,247.044,-0.4122429167758719
2017-09-01,970.7427,967.7355,247.249,247.0695,-0.6096255454603025
2017-09-05,970.2215,966.3855,247.2996,246.9825,-0.07287174288690706
2017-09-06,969.9908,965.2835,247.4244,246.9645,1.205827650340987
2017-09-07,970.8936,965.1565,247.5373,246.949,-1.2165038453028205
2017-09-08,970.418,965.6055,247.5995,247.085,0.15667106212995208
2017-09-11,971.1363,966.104,247.9138,247.344,0.11370331072525819
2017-09-12,972.2262,966.068,248.2839,247.5255,1.6884890147772167
2017-09-13,974.8332,966.911,248.6293,247.7135,-0.7035686729139645
2017-09-14,976.4882,967.6125,248.9331,247.8745,-0.6733302237791188
2017-09-15,977.4693,968.9235,249.2386,248.2415,-1.5029323031876287
2017-09-18,977.157,969.7095,249.5692,248.6645,-0.5394423371804613
2017-09-19,976.462,970.538,249.8912,249.0825,0.2861104208620097
2017-09-20,976.1523,970.8535,250.1968,249.3875,-0.587188950823065
2017-09-21,975.0568,971.186,250.4028,249.698,-0.9939589648619761
2017-09-22,973.1562,971.3185,250.5901,250.032,-1.412776577552704
2017-09-25,969.9785,971.045,250.7139,250.3175,0.32595447346227413
2017-09-26,966.99,970.674,250.7174,250.5435,0.9164386236135
2017-09-27,965.4548,970.5145,250.8138,250.803,0.4743148888442944
2017-09-28,964.5924,969.955,250.9268,251.0165,0.14851825297245835
2017-09-29,964.2836,968.9925,251.1176,251.206,-0.635864997230116
2017-10-02,963.7985,968.0395,251.3892,251.426,-0.45414055565250777
2017-10-03,963.1606,967.631,251.6922,251.7655,0.742796766529836
2017-10-04,963.3786,967.5135,251.9977,252.08,1.0144912371717068
2017-10-05,965.0426,967.5825,252.415,252.4685,0.9953567761552471
2017-10-06,967.3795,968.7665,252.7669,252.8645,0.3103812974014575
2017-10-09,969.6281,969.418,253.0444,253.1035,-0.6405810059524769
2017-10-10,971.3016,969.649,253.3582,253.3305,0.6457739031515641
2017-10-11,973.5586,969.419,253.6775,253.5705,0.740111409761985
2017-10-12,976.1654,969.855,253.931,253.7965,0.08768224578995411
2017-10-13,978.7153,970.6625,254.1881,254.021,0.1753435866094415
2017-10-16,981.3463,972.27,254.4606,254.238,0.21499758444514597
2017-10-17,983.9923,974.2335,254.7225,254.451,-1.287558729000958
2017-10-18,985.2312,975.423,254.9803,254.6675,-1.0809718905385552
2017-10-19,985.3625,976.521,255.2232,254.926,-0.8875831817028816
2017-10-20,985.1289,977.9115,255.5686,255.25,-1.307419165373197
2017-10-23,983.3357,979.237,255.7868,255.5485,0.8422354240728093
2017-10-24,982.6275,981.102,256.0214,255.9235,0.16215438733694132
2017-10-25,981.702,982.204,256.1184,256.189,-0.1699403235773534
2017-10-26,980.819,983.0055,256.2357,256.4565,12.415909180713006
2017-10-27,992.26,989.9855,256.538,256.7805,1.2423096321211984
2017-10-30,1003.5543,997.5685,256.7268,257.008,-0.6135948407724205
2017-10-31,1013.2425,1004.9775,256.9252,257.22,-0.3070409090539914
2017-11-01,1021.8556,1011.889,257.1447,257.4365,-0.911138597148117
2017-11-02,1028.7474,1017.5575,257.3566,257.586,1.2760508596715492
2017-11-03,1036.6381,1023.6585,257.6255,257.7895,0.6459276912700818
2017-11-06,1044.6402,1030.142,257.9107,258.0365,0.27385621037038876
2017-11-07,1052.1193,1036.9405,258.1564,258.244,0.6917660395177033
2017-11-08,1059.8108,1043.8345,258.4215,258.4555,0.033053609362532044
2017-11-09,1066.4126,1050.2445,258.5708,258.638,-0.2655375863396293
2017-11-10,1072.0257,1056.365,258.6889,258.797,0.22782991888285276
2017-11-13,1077.468,1062.5065,258.8233,258.9495,0.8791830939218934
2017-11-14,1083.1225,1068.892,258.8953,259.068,-0.3534929591369955
2017-11-15,1087.2718,1075.3765,258.8272,259.1055,0.10418330811899656
2017-11-16,1092.0354,1082.9105,258.9713,259.246,-0.37882856851842744
2017-11-17,1095.6396,1090.259,259.034,259.285,-0.47387979288866283
2017-11-20,1098.5606,1098.2595,259.1298,259.394,0.5202929155160007
2017-11-21,1102.4587,1106.439,259.3775,259.568,1.53552906722413
2017-11-22,1107.5731,1115.6015,259.5834,259.793,2.3706647722899077
2017-11-24,1115.0423,1126.28,259.8221,260.03,0.859360290805439
2017-11-27,1122.7364,1131.024,260.0305,260.16,-1.19407648600246
2017-11-28,1129.4853,1135.1615,260.4705,260.4665,-2.6443768174264353
2017-11-29,1132.5124,1137.961,260.8523,260.75,0.421801307339589
2017-11-30,1136.7255,1141.6145,261.4273,261.133,-0.9876570628313032
2017-12-01,1139.1659,1145.021,261.8876,261.4775,-2.3381656509982074
2017-12-04,1138.6692,1146.1385,262.2773,261.7675,1.0441957377519415
2017-12-05,1138.9455,1147.184,262.5357,261.986,0.9216711692538821
2017-12-06,1140.2221,1148.643,262.7751,262.214,0.3438073327793777
2017-12-07,1142.0857,1149.9885,263.068,262.4595,-0.354868612006716
2017-12-08,1143.9823,1151.632,263.471,262.825,0.2513423905659518
2017-12-11,1146.3573,1153.8105,263.9233,263.2455,-0.48136795956898826
2017-12-12,1148.1404,1155.606,264.3716,263.672,-0.05920391062095252
2017-12-13,1149.6632,1156.9705,264.7714,264.1215,1.2574138316110928
2017-12-14,1152.0058,1159.349,265.0341,264.589,-0.42918419660904406
2017-12-15,1154.59,1161.4415,265.4871,265.0615,0.3474920697941868
2017-12-18,1158.0176,1164.4765,266.0569,265.6535,0.5931971360675361
2017-12-19,1160.814,1167.53,266.3496,266.108,-0.7699583297173643
2017-12-20,1162.4146,1169.4365,266.601,266.471,-0.4436136804041476
2017-12-21,1163.5904,1170.3665,266.88,266.8705,-0.5188209928151674
2017-12-22,1164.0446,1169.4845,267.1257,267.239,0.8451347685054909
2017-12-26,1165.2556,1168.531,267.3156,267.5945,0.40421617667308907
2017-12-27,1166.8751,1167.964,267.5037,267.8265,0.13912821351702978
2017-12-28,1168.706,1169.2055,267.7214,268.092,-1.053654883299404
2017-12-29,1168.7788,1168.8415,267.8289,268.19,0.9269331043157849
2018-01-02,1170.7056,1170.1745,268.1166,268.4195,0.6978767736332693
2018-01-03,1173.8955,1173.687,268.5265,268.7415,0.014445378819421484
2018-01-04,1177.295,1177.088,269.0097,269.172,0.9839401928226034
2018-01-05,1182.2326,1180.9275,269.6116,269.686,1.2209196532379354
2018-01-08,1188.3885,1185.2815,270.2143,270.1905,0.23926029499328913
2018-01-09,1194.5134,1189.8165,270.8196,270.654,0.28921067392864774
2018-01-10,1200.2103,1194.087,271.3254,271.0495,1.0720171522204056
2018-01-11,1207.4931,1199.667,271.9696,271.5225,1.579454845963006
2018-01-12,1216.7985,1206.7205,272.7258,272.0895,0.3347806193079085
2018-01-16,1225.1853,1213.2505,273.3139,272.658,-1.7524096569513412
2018-01-17,1231.8343,1219.0435,274.1106,273.2525,0.019375638063511558
2018-01-18,1237.6901,1224.1805,274.7915,273.742,-0.33989409947631155
2018-01-19,1243.1082,1229.5405,275.5247,274.41,1.7352846719503399
2018-01-22,1251.1274,1237.025,276.4014,275.197,2.4224419856105834
2018-01-23,1261.7381,1246.414,277.2575,275.99,-0.3166038188911871
2018-01-24,1270.8593,1255.8715,278.0177,276.779,1.467133915976589
2018-01-25,1281.0584,1265.931,278.716,277.5905,0.5889959533304561
2018-01-26,1292.5814,1276.9205,279.6631,278.559,1.7764742900926977
2018-01-29,1304.4955,1288.4995,280.338,279.407,2.5017119709857125
2018-01-30,1317.1931,1301.917,280.6534,280.147,0.7327414600618528
2018-01-31,1329.9262,1315.011,280.9864,280.812,-4.070040770463448
2018-02-01,1335.6475,1324.301,281.2534,281.3805,5.079957162569059
2018-02-02,1344.6287,1335.319,280.8988,281.577,1.3426857696958532
2018-02-05,1348.9497,1343.362,279.4847,281.113,1.8431603298455033
2018-02-06,1357.8917,1353.1605,278.7014,280.879,-1.190514567032524
2018-02-07,1363.5001,1361.3645,277.8336,280.53,-0.9800055876569358
2018-02-08,1362.262,1366.173,276.099,279.7045,-2.3670807455010614
2018-02-09,1360.1037,1369.319,274.9153,278.9835,2.149680351477661
2018-02-12,1362.5919,1373.3705,274.1786,278.347,1.7481274820830577
2018-02-13,1367.5365,1378.853,273.5863,277.8,1.2061554957547436
2018-02-14,1375.4902,1386.6555,273.4019,277.2985,-0.5024806925134964
2018-02-15,1383.7063,1395.0775,273.556,276.9865,-0.9195803213197227
2018-02-16,1389.8953,1402.783,273.7021,276.6165,1.967797350331122
2018-02-20,1397.3671,1409.835,273.6743,276.0505,1.5079792437469939
2018-02-21,1405.515,1415.854,273.5148,275.381,0.027162129248957723
2018-02-22,1413.1174,1422.2455,273.4058,274.7375,-0.6101127786487808
2018-02-23,1421.3919,1428.348,273.7214,274.306,0.292474703671602
2018-02-26,1430.9689,1434.343,274.3156,273.871,0.5879540661360934
2018-02-27,1438.6842,1439.058,274.5217,273.3575,1.1667910857813304
2018-02-28,1445.7096,1442.7895,274.4092,272.842,0.07543496150071771
2018-03-01,1450.2563,1444.9175,273.9607,272.1195,-0.10085195528073926
2018-03-02,1455.0176,1450.43,273.6978,271.49,0.45087913076433495
2018-03-05,1461.5502,1455.113,273.7456,271.3235,0.6473163464688118
2018-03-06,1468.7968,1462.495,273.8603,271.7685,0.5150258512277045
2018-03-07,1476.0543,1467.603,273.9546,271.948,-0.021695623326165037
2018-03-08,1483.2739,1474.357,274.1617,272.275,0.04330547493438641
2018-03-09,1492.3802,1485.7765,274.7959,273.335,1.3169478716590097
2018-03-12,1502.4763,1498.716,275.3477,274.181,0.009865477048959903
2018-03-13,1510.6386,1508.8135,275.6736,274.7605,0.6905294167835657
2018-03-14,1518.2921,1517.638,275.8323,275.2295,-0.44100403052308307
2018-03-15,1524.39,1524.2015,275.9483,275.4995,-0.762666774846343
2018-03-16,1528.8938,1529.6975,276.077,275.6135,-0.3604930144920935
2018-03-19,1530.421,1534.5095,275.8392,275.538,2.515932653766337
2018-03-20,1535.7628,1540.4175,275.6698,275.5705,-0.11065436599305772
2018-03-21,1540.153,1545.3645,275.4688,275.6485,0.6220780788991527
2018-03-22,1540.607,1548.3435,274.5166,275.3035,-1.0704535970831976
2018-03-23,1536.3168,1548.1215,273.1178,274.459,1.2724379322707375
2018-03-26,1538.1781,1549.817,272.5352,273.811,-2.0270940873481957
2018-03-27,1534.2611,1549.0705,271.5623,273.103,-4.117105462436394
2018-03-28,1524.4667,1545.019,270.6154,272.517,-0.32119434468418717
